task_id,difficulty,prompt,canonical_query,generated_query,canonical_success,generated_success,is_correct,is_strict_match,match_type,execution_accuracy,f1_score,precision,recall,jaccard_similarity,query_similarity,canonical_count,generated_count,true_positives,false_positives,false_negatives,details
1.1,Easy technical prompt,Find the distinct IXPs' names of which the AS with asn 8075 is member of.,MATCH (:AS {asn: 8075})-[:MEMBER_OF]->(ixp:IXP) RETURN DISTINCT ixp.name,"MATCH (:AS {asn: 8075})-[:MEMBER_OF]-(ix:IXP)
RETURN DISTINCT ix.name",True,True,True,False,semantic_equivalent,1.0,1.0,1.0,1.0,1.0,0.6154,242,242,242,0,0,TP:242 FP:0 FN:0
1.2,Easy general prompt,Give me the names of the IXPs where AS8075 is a member.,MATCH (:AS {asn: 8075})-[:MEMBER_OF]->(ixp:IXP) RETURN DISTINCT ixp.name,MATCH (:AS {asn: 8075})-[:MEMBER_OF]-(ix:IXP) RETURN ix.name,True,True,True,False,semantic_equivalent,1.0,1.0,1.0,1.0,1.0,0.5385,242,708,242,0,0,TP:242 FP:0 FN:0
2.1,Easy technical prompt,Find the percentage of the population for the Country with country_code 'US' hosted by the AS with asn 8075.,MATCH (:AS {asn:8075})-[p:POPULATION]-(:Country {country_code:'US'}) RETURN p.percent,MATCH (:AS {asn: 8075})-[p:POPULATION]->(:Country {country_code: 'US'}) RETURN p.percent,True,True,True,True,numeric_exact_match,1.0,1.0,1.0,1.0,1.0,0.9167,1,1,1,0,0,Exact match: 0.038855139
2.2,Easy general prompt,Find the percentage of United States' population covered by AS8075.,MATCH (:AS {asn:8075})-[p:POPULATION]-(:Country {country_code:'US'}) RETURN p.percent,MATCH (a:AS {asn: 8075})-[r:POPULATION]->(c:Country {country_code: 'US'}) RETURN r.percent,True,True,True,True,numeric_exact_match,1.0,1.0,1.0,1.0,1.0,0.5625,1,1,1,0,0,Exact match: 0.038855139
3.1,Medium technical prompt,Find rank numbers and the corresponding rank names for the AS with asn 8075 in the Country with country_code 'US'.,"MATCH (:AS  {asn:8075})-[r1:RANK]-(r2:Ranking)--(:Country {country_code:'US'}) RETURN r1.rank, r2.name","MATCH (:AS {asn: 8075})-[r:RANK]->(rk:Ranking)-[:COUNTRY]->(:Country {country_code: 'US'})
RETURN r.rank, rk.name",True,True,True,True,exact_match,1.0,1.0,1.0,1.0,1.0,0.4762,1,1,1,0,0,All columns match: r1.rank=130
3.2,Medium general prompt,Find ranks and the corresponding rank names of AS8075 in the United States.,"MATCH (:AS {asn:8075})-[r1:RANK]-(r2:Ranking)--(:Country {country_code:'US'}) RETURN r1.rank, r2.name","MATCH (:AS {asn: 8075})-[r:RANK]->(rk:Ranking)-[:COUNTRY]->(:Country {country_code: 'US'}) RETURN r.rank, rk.name",True,True,True,True,exact_match,1.0,1.0,1.0,1.0,1.0,0.4762,1,1,1,0,0,All columns match: r1.rank=130
4.1,Hard technical prompt,Find all the AS nodes that have a peer to peer relationship with the AS with asn 8075.,MATCH (:AS {asn:8075})-[:PEERS_WITH {rel: 0}]-(a:AS) RETURN a,"MATCH (:AS {asn: 8075})-[:PEERS_WITH]-(peer:AS)
RETURN peer",True,True,True,False,semantic_equivalent,1.0,1.0,1.0,1.0,1.0,0.5385,1226,1294,440,0,0,TP:440 FP:0 FN:0
4.2,Hard general prompt,Find the ASes that are peering with AS8075.,MATCH (:AS {asn:8075})-[:PEERS_WITH]-(a:AS) RETURN a,MATCH (:AS {asn: 8075})-[:PEERS_WITH]-(peer:AS) RETURN peer,True,True,True,False,semantic_equivalent,1.0,1.0,1.0,1.0,1.0,0.6364,1294,1294,440,0,0,TP:440 FP:0 FN:0
5.1,Easy technical prompt,Find the distinct names of the AS with asn 8075.,MATCH (:AS {asn:8075})-[:NAME]-(n:Name) RETURN DISTINCT n.name,MATCH (a:AS {asn: 8075})-[:NAME]-(n:Name) RETURN DISTINCT n.name,True,True,True,True,exact_match,1.0,1.0,1.0,1.0,1.0,0.9091,3,3,3,0,0,TP:3 FP:0 FN:0
5.2,Easy general prompt,Give me the names of AS8075.,MATCH (:AS {asn:8075})-[:NAME]-(n:Name) RETURN DISTINCT n.name,MATCH (a:AS {asn: 8075})-[:NAME]-(n:Name) RETURN n.name,True,True,True,False,semantic_equivalent,1.0,1.0,1.0,1.0,1.0,0.8182,3,6,3,0,0,TP:3 FP:0 FN:0
6.1,Easy technical prompt,Find all distinct tag labels of the AS with asn 8075.,MATCH (:AS {asn:8075})-[:CATEGORIZED]-(t:Tag) RETURN DISTINCT t.label,MATCH (:AS {asn: 8075})-[:CATEGORIZED]->(t:Tag) RETURN DISTINCT t.label,True,True,True,True,exact_match,1.0,1.0,1.0,1.0,1.0,0.9091,10,10,10,0,0,TP:10 FP:0 FN:0
6.2,Easy general prompt,Find the tags of AS8075.,MATCH (:AS {asn:8075})-[:CATEGORIZED]-(t:Tag) RETURN DISTINCT t.label,MATCH (a:AS {asn:8075})-[:CATEGORIZED]-(t:Tag) RETURN t.label,True,True,True,False,semantic_equivalent,1.0,1.0,1.0,1.0,1.0,0.8182,10,11,10,0,0,TP:10 FP:0 FN:0
7.1,Easy technical prompt,Find all distinct tag labels of the Prefix with prefix 206.191.224.0/19.,MATCH (:Prefix {prefix: '206.191.224.0/19'})-[:CATEGORIZED]-(t:Tag) RETURN DISTINCT t.label,"MATCH (:Prefix {prefix: '206.191.224.0/19'})-[:CATEGORIZED]->(t:Tag)
RETURN DISTINCT t.label",True,True,True,True,exact_match,1.0,1.0,1.0,1.0,1.0,0.9091,2,2,2,0,0,TP:2 FP:0 FN:0
7.2,Easy general prompt,Find the tags of 206.191.224.0/19.,MATCH (:Prefix {prefix: '206.191.224.0/19'})-[:CATEGORIZED]-(t:Tag) RETURN DISTINCT t.label,MATCH (p:Prefix {prefix: '206.191.224.0/19'})-[:CATEGORIZED]->(t:Tag) RETURN t.label,True,True,True,True,exact_match,1.0,1.0,1.0,1.0,1.0,0.75,2,2,2,0,0,TP:2 FP:0 FN:0
8.1,Medium technical prompt,Find the rank number for the AS with asn 8075 in the Ranking with name 'CAIDA ASRank'.,MATCH (:AS  {asn:8075})-[r:RANK]-(:Ranking {name:'CAIDA ASRank'}) RETURN r.rank,MATCH (:AS {asn: 8075})-[r:RANK]-(:Ranking {name: 'CAIDA ASRank'}) RETURN r.rank,True,True,True,True,numeric_exact_match,1.0,1.0,1.0,1.0,1.0,1.0,1,1,1,0,0,Exact match: 2941.0
8.2,Medium general prompt,Find the CAIDA AS rank for AS8075.,MATCH (:AS {asn:8075})-[r:RANK]-(:Ranking {name:'CAIDA ASRank'}) RETURN r.rank,"MATCH (a:AS {asn: 8075})-[r:RANK]->(rank:Ranking) RETURN rank.name, r.rank",True,True,True,False,semantic_equivalent_node_property,1.0,1.0,1.0,1.0,1.0,0.6,1,13,1,0,0,Generated returns full nodes (1 values)
9.1,Medium technical prompt,Find the rank number for the DomainName with name 'iij.ad.jp' in the Ranking with name 'Cisco Umbrella Top 1 million'.,MATCH (:DomainName {name: 'iij.ad.jp'})-[r:RANK]-(:Ranking {name:'Cisco Umbrella Top 1 million'}) RETURN r.rank,MATCH (:DomainName {name: 'iij.ad.jp'})-[r:RANK]-(:Ranking {name:'Cisco Umbrella Top 1 million'}) RETURN r.rank,True,True,True,True,numeric_exact_match,1.0,1.0,1.0,1.0,1.0,1.0,1,1,1,0,0,Exact match: 346679.0
9.2,Medium general prompt,Find the rank for 'iij.ad.jp' in the 'Cisco Umbrella Top 1 million' list.,MATCH (:DomainName {name: 'iij.ad.jp'})-[r:RANK]-(:Ranking {name:'Cisco Umbrella Top 1 million'}) RETURN r.rank,MATCH (:DomainName {name: 'iij.ad.jp'})-[r:RANK]-(:Ranking {name:'Cisco Umbrella Top 1 million'}) RETURN r.rank,True,True,True,True,numeric_exact_match,1.0,1.0,1.0,1.0,1.0,1.0,1,1,1,0,0,Exact match: 346679.0
10.1,Medium technical prompt,Find the rank number for the HostName with name 'www.cisco.com' in the Ranking with name 'Cisco Umbrella Top 1 million'.,MATCH (:HostName {name: 'www.cisco.com'})-[r:RANK]-(:Ranking {name:'Cisco Umbrella Top 1 million'}) RETURN r.rank,MATCH (:HostName {name: 'www.cisco.com'})-[r:RANK]->(:Ranking {name: 'Cisco Umbrella Top 1 million'}) RETURN r.rank,True,True,True,True,numeric_exact_match,1.0,1.0,1.0,1.0,1.0,0.9167,1,1,1,0,0,Exact match: 859.0
10.2,Medium general prompt,Find the rank for 'www.cisco.com' in the 'Cisco Umbrella Top 1 million' list.,MATCH (:HostName {name: 'www.cisco.com'})-[r:RANK]-(:Ranking {name:'Cisco Umbrella Top 1 million'}) RETURN r.rank,MATCH (:HostName {name: 'www.cisco.com'})-[r:RANK]-(:Ranking {name:'Cisco Umbrella Top 1 million'}) RETURN r.rank,True,True,True,True,numeric_exact_match,1.0,1.0,1.0,1.0,1.0,1.0,1,1,1,0,0,Exact match: 859.0
11.1,Easy technical prompt,Find all distinct tag labels of the URL with url 'https://www.aliexpress.com/'.,MATCH (:URL {url: 'https://www.aliexpress.com/'})-[:CATEGORIZED]->(t:Tag) RETURN DISTINCT t.label,MATCH (:URL {url: 'https://www.aliexpress.com/'})-[:CATEGORIZED]->(t:Tag) RETURN DISTINCT t.label,True,True,True,False,semantic_equivalent_answer,1.0,1.0,1.0,1.0,1.0,1.0,1,1,1,0,0,High value overlap: 1/1 match
11.2,Easy general prompt,Find the tags of 'https://www.aliexpress.com/'.,MATCH (:URL {url: 'https://www.aliexpress.com/'})-[:CATEGORIZED]->(t:Tag) RETURN DISTINCT t.label,MATCH (:URL {url: 'https://www.aliexpress.com/'})-[:CATEGORIZED]->(t:Tag) RETURN t.label,True,True,True,False,semantic_equivalent_answer,1.0,1.0,1.0,1.0,1.0,0.9091,1,1,1,0,0,High value overlap: 1/1 match
12.1,Medium technical prompt,Find the value of QUERIED_FROM for the DomainName with name 'microsoft.com' in the Country with country_code 'JP'.,MATCH (:DomainName {name: 'microsoft.com'})-[q:QUERIED_FROM]->(:Country {country_code: 'JP'}) RETURN q.value,"MATCH (:DomainName {name: 'microsoft.com'})-[q:QUERIED_FROM]->(:Country {country_code: 'JP'})
RETURN q.value",True,True,True,True,numeric_exact_match,1.0,1.0,1.0,1.0,1.0,1.0,1,1,1,0,0,Exact match: 2.472693
12.2,Medium general prompt,How many times was 'microsoft.com' queried from Japan?,MATCH (:DomainName {name: 'microsoft.com'})-[q:QUERIED_FROM]->(:Country {country_code: 'JP'}) RETURN q.value,MATCH (:DomainName {name: 'microsoft.com'})-[q:QUERIED_FROM]-(c:Country {name: 'Japan'}) RETURN q.value,True,True,True,True,numeric_exact_match,1.0,1.0,1.0,1.0,1.0,0.6,1,1,1,0,0,Exact match: 2.472693
13.1,Medium technical prompt,Find the value of QUERIED_FROM for the DomainName with name 'microsoft.com' from the AS with asn 577.,MATCH (:DomainName {name: 'microsoft.com'})-[q:QUERIED_FROM]->(a:AS {asn: 577}) RETURN q.value,MATCH (:DomainName {name: 'microsoft.com'})-[q:QUERIED_FROM]->(:AS {asn: 577}) RETURN q.value,True,True,True,True,numeric_exact_match,1.0,1.0,1.0,1.0,1.0,0.9231,1,1,1,0,0,Exact match: 0.422089
13.2,Medium general prompt,How many times was 'microsoft.com' queried from AS577?,MATCH (:DomainName {name: 'microsoft.com'})-[q:QUERIED_FROM]->(a:AS {asn: 577}) RETURN q.value,MATCH (:DomainName {name: 'microsoft.com'})-[q:QUERIED_FROM]-(:AS {asn: 577}) RETURN q.value,True,True,True,True,numeric_exact_match,1.0,1.0,1.0,1.0,1.0,0.8462,1,1,1,0,0,Exact match: 0.422089
14.1,Easy technical prompt,Find the distinct AS' asn of the ASes with name 'Microsoft'.,MATCH (a:AS)-[:NAME]-(:Name {name: 'Microsoft'}) RETURN DISTINCT a.asn,MATCH (a:AS)-[:NAME]-(n:Name) WHERE toLower(n.name) CONTAINS 'microsoft' RETURN DISTINCT a.asn,True,True,True,False,semantic_equivalent_node_property,1.0,1.0,1.0,1.0,1.0,0.6,1,73,1,0,0,Generated returns full nodes (1 values)
14.2,Easy general prompt,Find Microsoft's AS numbers.,MATCH (a:AS)-[:NAME]-(:Name {name: 'Microsoft'}) RETURN DISTINCT a.asn,MATCH (a:AS)-[:NAME]-(n:Name) WHERE toLower(n.name) CONTAINS 'microsoft' RETURN DISTINCT a.asn,True,True,True,False,semantic_equivalent_node_property,1.0,1.0,1.0,1.0,1.0,0.6,1,73,1,0,0,Generated returns full nodes (1 values)
15.1,Easy technical prompt,Find the distinct AuthoritativeNameServer's names that manage the DomainName with name 'com'.,MATCH (:DomainName {name: 'com'})-[:MANAGED_BY]->(a:AuthoritativeNameServer) RETURN DISTINCT a.name,MATCH (:DomainName {name: 'com'})-[:MANAGED_BY]-(a:AuthoritativeNameServer) RETURN DISTINCT a.name,True,True,True,True,exact_match,1.0,1.0,1.0,1.0,1.0,0.9091,13,13,13,0,0,TP:13 FP:0 FN:0
15.2,Easy general prompt,Who manages the 'com' domain?,MATCH (:DomainName {name: 'com'})-[:MANAGED_BY]->(a:AuthoritativeNameServer) RETURN DISTINCT a.name,MATCH (:DomainName {name: 'com'})-[:MANAGED_BY]-(:AuthoritativeNameServer)-[:RESOLVES_TO]-(:IP)-[:PART_OF]-(:Prefix)-[:ORIGINATE]-(:AS)-[:MANAGED_BY]->(o:Organization) RETURN DISTINCT o.name,True,True,False,False,no_overlap,0.0,0.0,0.0,0.0,0.0,0.4286,13,3,0,3,13,TP:0 FP:3 FN:13 | No common results
16.1,Hard technical prompt,Find the distinct AuthoritativeNameServer's names that manage the IP with ip 72.163.5.201.,MATCH (a:AuthoritativeNameServer)<-[:MANAGED_BY]-(:DomainName)<-[:PART_OF]-(:HostName)-[:RESOLVES_TO]->(:IP {ip: '72.163.5.201'}) RETURN DISTINCT a.name,MATCH (a:AuthoritativeNameServer)-[:RESOLVES_TO]->(i:IP {ip: '72.163.5.201'}) RETURN DISTINCT a.name,True,True,True,False,semantic_equivalent_node_property,1.0,1.0,1.0,1.0,1.0,0.6111,5,1,1,0,0,Generated returns properties (1 values)
16.2,Hard general prompt,Who manages DNS for the IP address 72.163.5.201?,MATCH (a:AuthoritativeNameServer)<-[:MANAGED_BY]-(:DomainName)<-[:PART_OF]-(:HostName)-[:RESOLVES_TO]->(:IP {ip: '72.163.5.201'}) RETURN DISTINCT a.name,"MATCH (:IP {ip: '72.163.5.201'})-[:PART_OF]->(:Prefix)<-[:ORIGINATE]-(:AS)-[:MANAGED_BY]->(o:Organization)
RETURN o.name",True,True,False,False,no_overlap,0.0,0.0,0.0,0.0,0.0,0.375,5,4,0,2,5,TP:0 FP:2 FN:5 | No common results
17.1,Easy technical prompt,Find the hege values of the AS with asn 109 that depends on the AS with asn 3356.,MATCH (:AS {asn: 109})-[d:DEPENDS_ON]->(:AS {asn: 3356}) RETURN d.hege,MATCH (:AS {asn: 109})-[r:DEPENDS_ON]->(:AS {asn: 3356}) RETURN r.hege,True,True,True,False,semantic_equivalent,1.0,1.0,1.0,1.0,1.0,0.7143,2,2,2,0,0,TP:2 FP:0 FN:0
17.2,Easy general prompt,Find the AS hegemony value from AS109 to AS3356.,MATCH (:AS {asn: 109})-[d:DEPENDS_ON]->(:AS {asn: 3356}) RETURN d.hege,MATCH (:AS {asn: 109})-[r:DEPENDS_ON]->(:AS {asn: 3356}) RETURN r.hege,True,True,True,False,semantic_equivalent,1.0,1.0,1.0,1.0,1.0,0.7143,2,2,2,0,0,TP:2 FP:0 FN:0
18.1,Hard technical prompt,Find the AS' asn on which United States (Country with country_code 'US') depends the most according to the Ranking with name 'IHR country ranking: Total AS (US)'.,MATCH (a:AS)-[r:RANK]->(:Ranking {name: 'IHR country ranking: Total AS (US)'})-[:COUNTRY]->(:Country {country_code: 'US'}) RETURN a.asn ORDER BY r.hege DESC LIMIT 1,MATCH (a:AS)-[r:RANK]->(ranking:Ranking) WHERE ranking.name = 'IHR country ranking: Total AS (US)' AND r.rank = 1 RETURN a.asn,True,True,True,True,numeric_exact_match,1.0,1.0,1.0,1.0,1.0,0.3793,1,1,1,0,0,Exact match: 3356.0
18.2,Hard general prompt,On which AS does the United States depend on the most?,MATCH (a:AS)-[r:RANK]->(:Ranking {name: 'IHR country ranking: Total AS (US)'})-[:COUNTRY]->(:Country {country_code: 'US'}) RETURN a.asn ORDER BY r.hege DESC LIMIT 1,"MATCH (a:AS)-[ra:RANK {rank: 1}]->(r:Ranking)-[:COUNTRY]-(:Country {country_code:'US'}) WHERE ra.reference_name CONTAINS ""dependency"" RETURN a.asn, r.name",True,True,True,False,semantic_equivalent_node_property,1.0,1.0,1.0,1.0,1.0,0.4828,1,2,1,0,0,Generated returns full nodes (1 values)
19.1,Easy technical prompt,Find the Prefix's prefixes that originate from the AS with asn 109.,MATCH (p:Prefix)<-[:ORIGINATE]-(:AS {asn: 109}) RETURN p.prefix,MATCH (:AS {asn: 109})-[:ORIGINATE]->(p:Prefix) RETURN p.prefix,True,True,True,True,exact_match,1.0,1.0,1.0,1.0,1.0,0.8182,268,268,138,0,0,TP:138 FP:0 FN:0
19.2,Easy general prompt,Find the originated prefixes of AS109.,MATCH (p:Prefix)<-[:ORIGINATE]-(:AS {asn: 109}) RETURN p.prefix,"MATCH (:AS {asn: 109})-[:ORIGINATE]->(p:Prefix)
RETURN p.prefix",True,True,True,True,exact_match,1.0,1.0,1.0,1.0,1.0,0.8182,268,268,138,0,0,TP:138 FP:0 FN:0
20.1,Easy technical prompt,Find the distinct Prefix's prefixes that depend on the AS with asn 109.,MATCH (p:Prefix)-[:DEPENDS_ON]->(:AS {asn: 109}) RETURN DISTINCT p.prefix,MATCH (p:Prefix)-[:DEPENDS_ON]->(:AS {asn: 109}) RETURN DISTINCT p.prefix,True,True,True,True,exact_match,1.0,1.0,1.0,1.0,1.0,1.0,130,130,130,0,0,TP:130 FP:0 FN:0
20.2,Easy general prompt,Find the prefixes depending on AS109.,MATCH (p:Prefix)-[:DEPENDS_ON]->(:AS {asn: 109}) RETURN DISTINCT p.prefix,"MATCH (p:Prefix)-[:DEPENDS_ON]->(:AS {asn: 109})
RETURN p.prefix",True,True,True,True,exact_match,1.0,1.0,1.0,1.0,1.0,0.9091,130,130,130,0,0,TP:130 FP:0 FN:0
21.1,Easy technical prompt,Find the distinct Prefix's prefixes that are categorized with the Tag with label 'Anycast'.,MATCH (p:Prefix)-[:CATEGORIZED]->(:Tag {label: 'Anycast'}) RETURN DISTINCT p.prefix,MATCH (p:Prefix)-[:CATEGORIZED]-(:Tag {label: 'Anycast'}) RETURN DISTINCT p.prefix,True,True,True,True,exact_match,1.0,1.0,1.0,1.0,1.0,0.9091,5372,5372,5372,0,0,TP:5372 FP:0 FN:0
21.2,Easy general prompt,Give me anycast prefixes.,MATCH (p:Prefix)-[:CATEGORIZED]->(:Tag {label: 'Anycast'}) RETURN DISTINCT p.prefix,MATCH (p:Prefix)-[:CATEGORIZED]-(t:Tag) WHERE toLower(t.label) CONTAINS 'anycast' RETURN p.prefix,True,True,True,True,exact_match,1.0,1.0,1.0,1.0,1.0,0.5,5372,5372,5372,0,0,TP:5372 FP:0 FN:0
22.1,Easy technical prompt,Find the distinct Prefix's prefixes from Country with country_code 'US'.,MATCH (p:Prefix)-[:COUNTRY]->(:Country {country_code: 'US'}) RETURN DISTINCT p.prefix,MATCH (p:Prefix)-[:COUNTRY]->(c:Country {country_code: 'US'}) RETURN DISTINCT p.prefix LIMIT 10,True,True,True,False,semantic_equivalent_limit,1.0,1.0,1.0,1.0,1.0,0.7857,1086543,10,10,0,0,"Generated has LIMIT, returns perfect subset (10 of 1086543)"
22.2,Easy general prompt,Find prefixes locaed in the United States.,MATCH (p:Prefix)-[:COUNTRY]->(:Country {country_code: 'US'}) RETURN DISTINCT p.prefix,MATCH (p:Prefix)-[:COUNTRY]-(c:Country {country_code: 'US'}) RETURN p.prefix LIMIT 10,True,True,True,False,semantic_equivalent_limit,1.0,1.0,1.0,1.0,1.0,0.6429,1086543,10,10,0,0,"Generated has LIMIT, returns perfect subset (10 of 1086543)"
23.1,Easy technical prompt,From AS with asn 109 find all the AS siblings and return their asn.,MATCH (:AS {asn: 109})-[:SIBLING_OF]-(a:AS) RETURN a.asn,MATCH (:AS {asn: 109})-[:SIBLING_OF]-(sibling:AS) RETURN sibling.asn,True,True,True,False,semantic_equivalent,1.0,1.0,1.0,1.0,1.0,0.6364,9,9,9,0,0,TP:9 FP:0 FN:0
23.2,Easy general prompt,Find siblings of AS109.,MATCH (:AS {asn: 109})-[:SIBLING_OF]-(a:AS) RETURN a.asn,MATCH (a:AS {asn: 109})-[:SIBLING_OF]-(sibling:AS) RETURN sibling,True,True,True,False,semantic_equivalent,1.0,1.0,1.0,1.0,1.0,0.7273,9,9,9,0,0,TP:9 FP:0 FN:0
24.1,Easy technical prompt,Find the distinct IP's ips which HostName with name 'microsoft.com' resolves to.,MATCH (:HostName {name: 'microsoft.com'})-[:RESOLVES_TO]->(i:IP) RETURN DISTINCT i.ip,"MATCH (:HostName {name: 'microsoft.com'})-[:RESOLVES_TO]->(i:IP)
RETURN DISTINCT i.ip",True,True,True,True,exact_match,1.0,1.0,1.0,1.0,1.0,1.0,7,7,7,0,0,TP:7 FP:0 FN:0
24.2,Easy general prompt,Which IPs does 'microsoft.com' resolve to?,MATCH (:HostName {name: 'microsoft.com'})-[:RESOLVES_TO]->(i:IP) RETURN DISTINCT i.ip,"MATCH (:DomainName {name: 'microsoft.com'})--(:HostName)-[:RESOLVES_TO]->(ip:IP)
RETURN ip.ip",True,True,True,False,semantic_equivalent_node_property,1.0,1.0,1.0,1.0,1.0,0.5714,7,28369,7,0,0,Generated returns full nodes (7 values)
25.1,Medium technical prompt,Find the AS' asn which is the target of AtlasMeasurement with id 6907267 which the AtlasProbe with id 1004379 is part of.,MATCH (:AtlasProbe {id: 1004379})-[:PART_OF]->(:AtlasMeasurement {id: 6907267})-[:TARGET]->(a:AS) RETURN a.asn,"MATCH (:AtlasProbe {id: 1004379})-[:PART_OF]->(:AtlasMeasurement {id: 6907267})-[:TARGET]->(a:AS)
RETURN a.asn",True,True,True,True,numeric_exact_match,1.0,1.0,1.0,1.0,1.0,1.0,1,1,1,0,0,Exact match: 15562.0
25.2,Medium general prompt,Find the ASes that are targeted by the Atlas measurement with ID 6907267. The Atlas probe with ID 1004379 participates in this measurement.,MATCH (:AtlasProbe {id: 1004379})-[:PART_OF]->(:AtlasMeasurement {id: 6907267})-[:TARGET]->(a:AS) RETURN a.asn,"MATCH (m:AtlasMeasurement {id: 6907267})-[:TARGET]->(a:AS)
MATCH (p:AtlasProbe {id: 1004379})-[:PART_OF]->(m)
RETURN a",True,True,True,True,numeric_exact_match,1.0,1.0,1.0,1.0,1.0,0.7,1,1,1,0,0,Exact match: 15562.0
27.1,Medium technical prompt,Find the IP's ip which is the target of AtlasMeasurement with id 6907267 which the AtlasProbe with id 1004379 is part of.,MATCH (:AtlasProbe {id: 1004379})-[:PART_OF]->(:AtlasMeasurement {id: 6907267})-[:TARGET]->(i:IP) RETURN i.ip,"MATCH (:AtlasProbe {id: 1004379})-[:PART_OF]->(:AtlasMeasurement {id: 6907267})-[:TARGET]->(ip:IP)
RETURN ip.ip",True,True,True,False,semantic_equivalent_answer,1.0,1.0,1.0,1.0,1.0,0.7647,1,1,1,0,0,Same answer values: {'185.104.128.1'}
27.2,Medium general prompt,Find the IPs that are targeted by the Atlas measurement with ID 6907267. The Atlas probe with ID 1004379 participates in this measurement.,MATCH (:AtlasProbe {id: 1004379})-[:PART_OF]->(:AtlasMeasurement {id: 6907267})-[:TARGET]->(i:IP) RETURN i.ip,"MATCH (:AtlasProbe {id: 1004379})-[:PART_OF]->(:AtlasMeasurement {id: 6907267})-[:TARGET]->(ip:IP)
RETURN ip.ip",True,True,True,False,semantic_equivalent_answer,1.0,1.0,1.0,1.0,1.0,0.7647,1,1,1,0,0,Same answer values: {'185.104.128.1'}
28.1,Easy technical prompt,Return the id of the OpaqueID which marks the Prefix with prefix 156.0.199.0/24 as available.,MATCH (:Prefix {prefix: '156.0.199.0/24'})-[:AVAILABLE]->(o:OpaqueID) RETURN o.id,MATCH (:Prefix {prefix: '156.0.199.0/24'})-[:AVAILABLE]->(o:OpaqueID) RETURN o.id,True,True,True,False,semantic_equivalent_answer,1.0,1.0,1.0,1.0,1.0,1.0,1,1,1,0,0,Same answer values: {'afrinic'}
28.2,Easy general prompt,Find the opaque id of 156.0.199.0/24.,MATCH (:Prefix {prefix: '156.0.199.0/24'})-[:AVAILABLE]->(o:OpaqueID) RETURN o.id,MATCH (:Prefix {prefix: '156.0.199.0/24'})-[]-(o:OpaqueID) RETURN o.id,True,True,True,False,semantic_equivalent_answer,1.0,1.0,1.0,1.0,1.0,0.8,1,1,1,0,0,Same answer values: {'afrinic'}
29.1,Easy technical prompt,Find all the distinct Tag labels that categorize the ASN with asn 109.,MATCH (:AS {asn:109})-[:CATEGORIZED]-(t:Tag) RETURN DISTINCT t.label,"MATCH (:AS {asn: 109})-[:CATEGORIZED]->(t:Tag)
RETURN DISTINCT t.label",True,True,True,True,exact_match,1.0,1.0,1.0,1.0,1.0,0.9091,7,7,7,0,0,TP:7 FP:0 FN:0
29.2,Easy general prompt,Find tags for AS109.,MATCH (:AS {asn:109})-[:CATEGORIZED]-(t:Tag) RETURN DISTINCT t.label,"MATCH (:AS {asn: 109})-[:CATEGORIZED]->(t:Tag)
RETURN t.label",True,True,True,True,exact_match,1.0,1.0,1.0,1.0,1.0,0.8182,7,7,7,0,0,TP:7 FP:0 FN:0
30.1,Easy technical prompt,From the Ranking with name 'Cloudflare top 100 domains' find the DomainName's name that is ranked first.,MATCH (d:DomainName)-[:RANK {rank: 1}]->(:Ranking {name: 'Cloudflare top 100 domains'}) RETURN d.name,MATCH (d:DomainName)-[r:RANK]-(:Ranking {name: 'Cloudflare top 100 domains'}) WHERE r.rank = 1 RETURN d.name,True,True,True,False,semantic_equivalent_answer,1.0,1.0,1.0,1.0,1.0,0.625,1,1,1,0,0,Same answer values: {'google.com'}
30.2,Easy general prompt,Find the top domain name in the 'Cloudflare top 100 domains' list.,MATCH (d:DomainName)-[:RANK {rank: 1}]->(:Ranking {name: 'Cloudflare top 100 domains'}) RETURN d.name,MATCH (d:DomainName)-[r:RANK]->(rk:Ranking) WHERE rk.name = 'Cloudflare top 100 domains' AND r.rank = 1 RETURN d.name,True,True,True,False,semantic_equivalent_answer,1.0,1.0,1.0,1.0,1.0,0.5,1,1,1,0,0,Same answer values: {'google.com'}
31.1,Easy technical prompt,Find the population value for Country United States with country_code 'US'.,MATCH (:Country {country_code: 'US'})-[p:POPULATION]-() RETURN p.value,MATCH (:Country {country_code: 'US'})-[p:POPULATION]-(:Estimate) RETURN p.value,True,True,True,True,numeric_exact_match,1.0,1.0,1.0,1.0,1.0,0.8889,1,1,1,0,0,Exact match: 340110988.0
31.2,Easy general prompt,Find the population of the United States.,MATCH (:Country {country_code: 'US'})-[p:POPULATION]-() RETURN p.value,MATCH (:Country {country_code: 'US'})-[p:POPULATION]->(:Estimate) RETURN p.value,True,True,True,True,numeric_exact_match,1.0,1.0,1.0,1.0,1.0,0.8,1,1,1,0,0,Exact match: 340110988.0
32.1,Medium technical prompt,Count the distinct ASes in the Country with country_code 'JP' or 'US'.,"MATCH (a:AS)-[:COUNTRY]-(cc:Country) WHERE cc.country_code = 'JP' OR cc.country_code = 'US' WITH cc.country_code AS code, count(DISTINCT a) AS c RETURN c","MATCH (a:AS)-[:COUNTRY]-(c:Country) WHERE c.country_code IN ['JP', 'US'] RETURN count(DISTINCT a)",True,True,False,False,no_overlap,0.0,0.0,0.0,0.0,0.0,0.4815,2,1,0,1,2,TP:0 FP:1 FN:2 | No common results
32.2,Medium general prompt,Count the ASes in Japan and the United States.,"MATCH (a:AS)-[:COUNTRY]-(cc:Country) WHERE cc.country_code = 'JP' OR cc.country_code = 'US' WITH cc.country_code AS code, count(DISTINCT a) AS c RETURN c","MATCH (a:AS)-[:COUNTRY]-(c:Country) WHERE c.country_code IN ['JP', 'US'] RETURN c.name AS country, count(DISTINCT a) AS number_of_ases",True,True,True,False,semantic_equivalent_node_property,1.0,1.0,1.0,1.0,1.0,0.5,2,2,2,0,0,Generated returns full nodes (2 values)
33.1,Medium technical prompt,Find the total number of distinct ASes that originate a prefix in the Country with country_code 'JP',MATCH (:Country {country_code: 'JP'})-[:COUNTRY]-(as:AS)-[:ORIGINATE]-(:Prefix) RETURN count(DISTINCT as) AS totalASWithPrefix,MATCH (a:AS)-[:ORIGINATE]->(p:Prefix)-[:COUNTRY]->(:Country {country_code: 'JP'}) RETURN COUNT(DISTINCT a),True,True,False,False,numeric_mismatch,0.0,0.0,0.0,0.0,0.0,0.55,1,1,0,1,1,Values differ: 768.0 vs 1374.0 (44.10%)
33.2,Medium general prompt,Count ASes in Japan that originate prefixes.,MATCH (:Country {country_code: 'JP'})-[:COUNTRY]-(as:AS)-[:ORIGINATE]-(:Prefix) RETURN count(DISTINCT as) AS totalASWithPrefix,"MATCH (:Prefix)<-[:ORIGINATE]-(a:AS)-[:COUNTRY]-(:Country {country_code: 'JP'})
RETURN count(DISTINCT a)",True,True,True,True,numeric_exact_match,1.0,1.0,1.0,1.0,1.0,0.6111,1,1,1,0,0,Exact match: 768.0
36.1,Hard technical prompt,Find all distinct Country's country codes for all ASes connected to the OpaqueID that is assigned to the AS with asn 1233 or the AS with asn 2497.,"MATCH (a:AS)-[:ASSIGNED]-(oid:OpaqueID) WHERE a.asn IN [1233, 2497] WITH oid MATCH (oid)--(other:AS)--(cc:Country) RETURN DISTINCT cc.country_code","MATCH (a:AS)--(o:OpaqueID)--(b:AS)-[:COUNTRY]-(c:Country) WHERE a.asn IN [1233, 2497] AND NOT b.asn IN [1233, 2497] RETURN DISTINCT c.country_code",True,True,True,False,semantic_equivalent,1.0,1.0,1.0,1.0,1.0,0.3939,10,10,10,0,0,TP:10 FP:0 FN:0
36.2,Hard general prompt,Find the country codes for all ASes assigned to the same OpaqueID as AS1233 or AS2497.,"MATCH (a:AS)-[:ASSIGNED]-(oid:OpaqueID) WHERE a.asn IN [1233, 2497] WITH oid MATCH (oid)--(other:AS)--(cc:Country) RETURN DISTINCT cc.country_code","MATCH (a:AS)--(o:OpaqueID)--(s:AS)-[:COUNTRY]-(c:Country)
WHERE a.asn IN [1233, 2497] AND NOT s.asn IN [1233, 2497]
RETURN DISTINCT c.country_code",True,True,True,False,semantic_equivalent,1.0,1.0,1.0,1.0,1.0,0.3939,10,10,10,0,0,TP:10 FP:0 FN:0
37.1,Medium technical prompt,Find the nodes that have relationships to the Prefix with prefix 1.1.1.0/24. Do not take account the direction of the relationship.,MATCH (:Prefix {prefix:'1.1.1.0/24'})--(neighbor) RETURN neighbor,MATCH (p:Prefix {prefix: '1.1.1.0/24'})--(neighbor) RETURN neighbor,True,True,True,True,exact_match,1.0,1.0,1.0,1.0,1.0,0.875,124,124,22,0,0,TP:22 FP:0 FN:0
37.2,Medium general prompt,Return everything that is connected with 1.1.1.0/24.,MATCH (:Prefix {prefix:'1.1.1.0/24'})--(neighbor) RETURN neighbor,MATCH (p:Prefix {prefix: '1.1.1.0/24'})--(neighbor) RETURN neighbor,True,True,True,True,exact_match,1.0,1.0,1.0,1.0,1.0,0.875,124,124,22,0,0,TP:22 FP:0 FN:0
38.1,Hard technical prompt,Find distinct Country's country_codes that connect via a relationship with reference_name 'nro.delegated_stats' to the AS with asn 109.,MATCH (:AS {asn:109})-[{reference_name:'nro.delegated_stats'}]-(cc:Country) RETURN DISTINCT cc.country_code,MATCH (:AS {asn: 109})-[r:COUNTRY {reference_name: 'nro.delegated_stats'}]-(c:Country) RETURN DISTINCT c.country_code,True,True,True,False,semantic_equivalent_answer,1.0,1.0,1.0,1.0,1.0,0.6,1,1,1,0,0,Same answer values: {'US'}
38.2,Hard general prompt,Find the country codes for the countries in which AS109 is registered according to the NRO delegated stats.,MATCH (:AS {asn:109})-[{reference_name:'nro.delegated_stats'}]-(cc:Country) RETURN DISTINCT cc.country_code,"MATCH (:AS {asn: 109})-[:COUNTRY {reference_name: 'nro.delegated_stats'}]-(c:Country)
RETURN c.country_code",True,True,True,False,semantic_equivalent_answer,1.0,1.0,1.0,1.0,1.0,0.5714,1,1,1,0,0,Same answer values: {'US'}
39.1,Medium technical prompt,Find IXP nodes where the AS with asn 109 is member of together with their corresponding Country node.,"MATCH (iij:AS {asn:109})-[:MEMBER_OF]-(ix:IXP)--(cc:Country) RETURN ix, cc","MATCH (:AS {asn: 109})-[:MEMBER_OF]->(ixp:IXP)-[:COUNTRY]->(country:Country)
RETURN ixp, country",True,True,True,False,semantic_equivalent,1.0,1.0,1.0,1.0,1.0,0.4,36,36,10,0,0,TP:10 FP:0 FN:0
39.2,Medium general prompt,Find IXP nodes and their respective country nodes for IXPs of which AS109 is a member.,"MATCH (iij:AS {asn:109})-[:MEMBER_OF]-(ix:IXP)--(cc:Country) RETURN ix, cc","MATCH (:AS {asn: 109})-[:MEMBER_OF]->(ix:IXP)--(cc:Country)
RETURN ix, cc",True,True,True,True,exact_match,1.0,1.0,1.0,1.0,1.0,0.8571,36,36,10,0,0,TP:10 FP:0 FN:0
40.1,Hard technical prompt,Find all the DomainName nodes with a rank below or equal 50000 that resolve to an IP originated by the AS with asn 109.,MATCH (:Ranking)-[r:RANK]-(dn:DomainName)--(:HostName)--(ip:IP)--(pfx:Prefix)-[:ORIGINATE]-(iij:AS {asn:109}) WHERE r.rank <= 50000 RETURN dn,MATCH (n:AS {asn:109})-[:ORIGINATE]-(p:Prefix)--(i:IP)--(:HostName)--(d:DomainName)-[r:RANK]-(:Ranking) WHERE r.rank<=50000 RETURN DISTINCT d.name,True,True,True,False,semantic_equivalent,1.0,1.0,1.0,1.0,1.0,0.6071,3440,4,4,0,0,TP:4 FP:0 FN:0
40.2,Hard general prompt,Retrieve domain name nodes in the top 50000 associated with IP addresses of AS109.,MATCH (:Ranking)-[r:RANK]-(dn:DomainName)--(:HostName)--(ip:IP)--(pfx:Prefix)-[:ORIGINATE]-(iij:AS {asn:109}) WHERE r.rank <= 50000 RETURN dn,"MATCH (d:DomainName)-[r:RANK]-(:Ranking)
WHERE r.rank < 50000
MATCH (d)--(:HostName)--(:IP)--(:Prefix)<-[:ORIGINATE]-(a:AS {asn: 109})
RETURN DISTINCT d.name",True,True,True,False,semantic_equivalent,1.0,1.0,1.0,1.0,1.0,0.5333,3440,4,4,0,0,TP:4 FP:0 FN:0
41.1,Easy technical prompt,Find all the Facility nodes that are located in the Country with country_code 'JP' or 'US' and return the Facility node with a count of distinct AS nodes per facility in descending order of the count.,"MATCH (c:Country)--(f:Facility)--(a:AS) WHERE c.country_code = 'JP' OR c.country_code = 'US' RETURN f, count(DISTINCT a) AS nb_as ORDER BY nb_as DESC","MATCH (as:AS)-[:LOCATED_IN]->(f:Facility)-[:COUNTRY]->(c:Country) WHERE c.country_code IN ['JP', 'US'] WITH f, count(DISTINCT as) AS as_count RETURN f, as_count ORDER BY as_count DESC",True,True,True,False,semantic_equivalent,1.0,1.0,1.0,1.0,1.0,0.4737,1178,1178,1178,0,0,TP:1178 FP:0 FN:0
41.2,Easy general prompt,Get all facilities in Japan or United States and count the number of unique ASes per facility. Order the result by descending number of unique ASes.,"MATCH (c:Country)--(f:Facility)--(a:AS) WHERE c.country_code = 'JP' OR c.country_code = 'US' RETURN f, count(DISTINCT a) AS nb_as ORDER BY nb_as DESC","MATCH (c:Country)<-[:COUNTRY]-(fac:Facility)<-[:LOCATED_IN]-(as:AS) WHERE c.name IN ['Japan', 'United States'] WITH fac, count(DISTINCT as) AS as_count RETURN fac.name AS facility_name, as_count ORDER BY as_count DESC",True,True,True,False,semantic_equivalent_node_property,1.0,1.0,1.0,1.0,1.0,0.2889,1178,74,101,0,0,Generated returns properties (101 values)
42.1,Medium technical prompt,Find the country_code of Facility nodes in which the AS with Country country_code 'JP' connected by relationship with reference_org 'NRO' are located and return the facility country_code and number of distinct ASes in descending order by number of distinct ASes.,"MATCH (net_country:Country)-[:COUNTRY {reference_org:'NRO'}]-(net:AS)-[:LOCATED_IN]-(fac:Facility)--(fac_country:Country) WHERE net_country.country_code = 'JP' RETURN fac_country.country_code, count(DISTINCT net) AS nb_AS ORDER BY nb_AS DESC","MATCH (a:AS)-[:COUNTRY {reference_org: 'NRO'}]->(:Country {country_code: 'JP'})
MATCH (a)-[:LOCATED_IN]->(f:Facility)-[:COUNTRY]->(fc:Country)
RETURN fc.country_code AS facility_country_code, count(DISTINCT a) AS number_of_ASes
ORDER BY number_of_ASes DESC",True,True,True,False,semantic_equivalent,1.0,1.0,1.0,1.0,1.0,0.3864,11,11,11,0,0,TP:11 FP:0 FN:0
42.2,Medium general prompt,Find the country codes of facilities that host Japanese ASes as specified by NRO and return the number of ASes per country. Order the result by descending number of ASes per country.,"MATCH (net_country:Country)-[:COUNTRY {reference_org:'NRO'}]-(net:AS)-[:LOCATED_IN]-(fac:Facility)--(fac_country:Country) WHERE net_country.country_code = 'JP' RETURN fac_country.country_code, count(DISTINCT net) AS nb_AS ORDER BY nb_AS DESC","MATCH (a:AS)-[:COUNTRY {reference_name:'nro.delegated_stats'}]->(:Country {country_code:'JP'}), (a)-[:LOCATED_IN]->(f:Facility), (f)-[:COUNTRY]->(c:Country) RETURN c.country_code AS country_code, count(DISTINCT a) AS number_of_ASes ORDER BY number_of_ASes DESC",True,True,True,False,semantic_equivalent,1.0,1.0,1.0,1.0,1.0,0.3261,11,11,11,0,0,TP:11 FP:0 FN:0
43.1,Medium technical prompt,Find the AS in the Country with country_code 'JP' or 'US' that is located in the largest number of facilities and return the asn and number of facilities.,"MATCH (net_country:Country)-[:COUNTRY {reference_org:'NRO'}]-(net:AS)-[:LOCATED_IN]-(fac:Facility) WHERE net_country.country_code = 'JP' OR net_country.country_code = 'US' RETURN net.asn, count(DISTINCT fac) AS nb_fac ORDER BY nb_fac DESC LIMIT 1","MATCH (c:Country)<-[:COUNTRY]-(a:AS)-[:LOCATED_IN]->(f:Facility)
WHERE c.country_code IN ['JP', 'US']
WITH a, count(DISTINCT f) AS facility_count
RETURN a.asn AS asn, facility_count AS number_of_facilities
ORDER BY number_of_facilities DESC
LIMIT 1",True,True,True,True,exact_match,1.0,1.0,1.0,1.0,1.0,0.36,1,1,2,0,0,"All columns match: net.asn=174, nb_fac=817"
43.2,Medium general prompt,Retrieve the ASN that is present at the largest number of facilities in Japan or United States. Also return the number of facilities.,"MATCH (net_country:Country)-[:COUNTRY {reference_org:'NRO'}]-(net:AS)-[:LOCATED_IN]-(fac:Facility) WHERE net_country.country_code = 'JP' OR net_country.country_code = 'US' RETURN net.asn, count(DISTINCT fac) AS nb_fac ORDER BY nb_fac DESC LIMIT 1","MATCH (c:Country)--(f:Facility)--(a:AS)
WHERE c.country_code = 'JP' OR c.country_code = 'US'
WITH a, count(DISTINCT f) as nb_fac
RETURN a.asn, nb_fac ORDER BY nb_fac DESC LIMIT 1",True,True,True,False,semantic_equivalent_answer,1.0,1.0,1.0,1.0,1.0,0.5,1,1,2,0,0,Identifiers match: net.asn=174; metrics differ: nb_fac:817 vs nb_fac:405
44.1,Medium technical prompt,Find the Country's country_code of the Prefix nodes that originated from AS nodes located in Country with country_code 'JP'.,MATCH (net_country:Country)-[:COUNTRY]-(net:AS)-[:ORIGINATE]-(pfx:Prefix)-[:COUNTRY]-(pfx_country:Country) WHERE net_country.country_code = 'JP' RETURN pfx_country.country_code,"MATCH (net_country:Country)<-[:COUNTRY]-(net:AS)-[:ORIGINATE]->(pfx:Prefix)-[:COUNTRY]->(pfx_country:Country)
WHERE net_country.country_code = 'JP'
RETURN pfx_country.country_code",True,True,True,True,exact_match,1.0,1.0,1.0,1.0,1.0,0.8571,164624,164624,152,0,0,TP:152 FP:0 FN:0
44.2,Medium general prompt,Get the geolocation of prefixes announced by Japanese ASes.,MATCH (net_country:Country)-[:COUNTRY]-(net:AS)-[:ORIGINATE]-(pfx:Prefix)-[:COUNTRY]-(pfx_country:Country) WHERE net_country.country_code = 'JP' RETURN pfx_country.country_code,"MATCH (:Country {country_code: 'JP'})<-[:COUNTRY]-(as:AS)-[:ORIGINATE]->(pfx:Prefix)-[:COUNTRY]->(pfx_country:Country)
RETURN DISTINCT pfx_country.country_code",True,True,True,False,semantic_equivalent,1.0,1.0,1.0,1.0,1.0,0.5417,164624,152,152,0,0,TP:152 FP:0 FN:0
45.1,Medium technical prompt,Find the distinct Country's country_code of the Prefix nodes that originated from AS nodes located in the Country with country_code 'JP'.,MATCH (net_country:Country)-[:COUNTRY]-(net:AS)-[:ORIGINATE]-(pfx:Prefix)-[:COUNTRY]-(pfx_country:Country) WHERE net_country.country_code = 'JP' RETURN DISTINCT pfx_country.country_code,"MATCH (net_country:Country {country_code: 'JP'})<-[:COUNTRY]-(net:AS)-[:ORIGINATE]->(pfx:Prefix)-[:COUNTRY]->(pfx_country:Country)
RETURN DISTINCT pfx_country.country_code",True,True,True,True,exact_match,1.0,1.0,1.0,1.0,1.0,0.6957,152,152,152,0,0,TP:152 FP:0 FN:0
45.2,Medium general prompt,Get the country codes of prefixes announced by ASes in Japan.,MATCH (net_country:Country)-[:COUNTRY]-(net:AS)-[:ORIGINATE]-(pfx:Prefix)-[:COUNTRY]-(pfx_country:Country) WHERE net_country.country_code = 'JP' RETURN DISTINCT pfx_country.country_code,MATCH (net_country:Country)-[:COUNTRY]-(net:AS)-[:ORIGINATE]-(pfx:Prefix)-[:COUNTRY]-(pfx_country:Country) WHERE net_country.country_code = 'JP' RETURN DISTINCT pfx_country.country_code,True,True,True,True,exact_match,1.0,1.0,1.0,1.0,1.0,1.0,152,152,152,0,0,TP:152 FP:0 FN:0
46.1,Medium technical prompt,Find the asn of the AS node with the largest number of Prefix nodes in Country with country_code 'JP' or 'US' and return the asn and the number of prefixes.,"MATCH (net:AS)-[:ORIGINATE]-(pfx:Prefix)--(pfx_country:Country) WHERE pfx_country.country_code = 'JP' OR pfx_country.country_code = 'US' RETURN net.asn, COUNT(DISTINCT pfx) as pfx_count ORDER BY pfx_count DESC LIMIT 1","MATCH (a:AS)-[:ORIGINATE]->(p:Prefix)-[:COUNTRY]->(c:Country) WHERE c.country_code IN ['JP', 'US'] WITH a, count(p) AS prefix_count RETURN a.asn AS asn, prefix_count ORDER BY prefix_count DESC LIMIT 1",True,True,True,False,semantic_equivalent_answer,1.0,1.0,1.0,1.0,1.0,0.3478,1,1,1,0,0,Same answer values: {16509}
46.2,Medium general prompt,Get the ASN with the largest footprint in Japan or United States.,"MATCH (net:AS)-[:ORIGINATE]-(pfx:Prefix)--(pfx_country:Country) WHERE pfx_country.country_code = 'JP' OR pfx_country.country_code = 'US' RETURN net.asn, COUNT(DISTINCT pfx) as pfx_count ORDER BY pfx_count DESC LIMIT 1","MATCH (a:AS)-[p:POPULATION]-(c:Country)
WHERE c.country_code IN ['JP', 'US']
RETURN a.asn AS asn, c.name AS country, p.percent AS footprint
ORDER BY footprint DESC",True,True,False,False,no_overlap,0.0,0.0,0.0,0.0,0.0,0.25,1,596,0,596,1,TP:0 FP:596 FN:1 | No common results
47.1,Medium technical prompt,"Find a graph which shows the HostName nodes, the IP nodes, the Prefix nodes and the AS nodes of all the HostName nodes with name which it ends with '.jp'. Also, the HostName nodes should have rank below 10000.","MATCH (:Ranking)-[r:RANK]-(dn:HostName)--(ip:IP)--(pfx:Prefix)-[:ORIGINATE]-(net:AS) WHERE dn.name ENDS WITH '.jp' AND r.rank<10000 RETURN dn.name, ip.ip, pfx.prefix, net.asn","MATCH (:Ranking)-[r:RANK]-(dn:HostName)-[:RESOLVES_TO]->(ip:IP)-[:PART_OF]-(pfx:Prefix)-[:ORIGINATE]-(net:AS) WHERE dn.name ENDS WITH '.jp' AND r.rank<10000 RETURN dn, ip, pfx, net",True,True,True,False,semantic_equivalent_node_property,1.0,1.0,1.0,1.0,1.0,0.6765,125851,125851,16404,0,0,Generated returns full nodes (16404 values)
47.2,Medium general prompt,Get a graph of the host name distribution of the Japanese host name.,"MATCH (:Ranking)-[r:RANK]-(dn:HostName)--(ip:IP)--(pfx:Prefix)-[:ORIGINATE]-(net:AS) WHERE dn.name ENDS WITH '.jp' AND r.rank<10000 RETURN dn.name, ip.ip, pfx.prefix, net.asn","MATCH (domain:DomainName)<-[:PART_OF]-(hostname:HostName)-[:RESOLVES_TO]->(ip:IP)-[:PART_OF]->(prefix:Prefix)<-[:ORIGINATE]-(as:AS) WHERE domain.name ENDS WITH '.jp' RETURN as.asn, count(DISTINCT hostname) AS hostname_count ORDER BY hostname_count DESC LIMIT 100",False,True,False,False,canonical_failed,0.0,0.0,0.0,0.0,0.0,0.2549,0,100,0,0,0,Canonical failed: Existing exports of data: object cannot be re-size | Query similarity: 25.5%
49.1,Easy technical prompt,Find Name nodes directly connected to AS node with asn 109 and return the distinctnames.,MATCH (:AS {asn:109})--(n:Name) RETURN DISTINCT n.name,"MATCH (:AS {asn: 109})-[:NAME]-(n:Name)
RETURN DISTINCT n.name",True,True,True,True,exact_match,1.0,1.0,1.0,1.0,1.0,0.9,3,3,3,0,0,TP:3 FP:0 FN:0
49.2,Easy general prompt,Find all the names of AS109.,MATCH (:AS {asn:109})--(n:Name) RETURN DISTINCT n.name,MATCH (:AS {asn: 109})-[:NAME]-(n:Name) RETURN DISTINCT n.name,True,True,True,True,exact_match,1.0,1.0,1.0,1.0,1.0,0.9,3,3,3,0,0,TP:3 FP:0 FN:0
50.1,Easy technical prompt,Find nodes of any type that are connected to the node corresponding to Prefix '1.1.1.0/24'.,MATCH (:Prefix {prefix:'1.1.1.0/24'})--(neighbor) RETURN neighbor,MATCH (p:Prefix {prefix: '1.1.1.0/24'})--(neighbor) RETURN neighbor,True,True,True,True,exact_match,1.0,1.0,1.0,1.0,1.0,0.875,124,124,22,0,0,TP:22 FP:0 FN:0
50.2,Easy general prompt,Get everything related to prefix '1.1.1.0/24'.,MATCH (:Prefix {prefix:'1.1.1.0/24'})--(neighbor) RETURN neighbor,MATCH (p:Prefix {prefix: '1.1.1.0/24'})--(neighbor) RETURN neighbor,True,True,True,True,exact_match,1.0,1.0,1.0,1.0,1.0,0.875,124,124,22,0,0,TP:22 FP:0 FN:0
51.1,Easy technical prompt,Get a Country node directly connected to AS with asn 109 and that comes from NRO's delegated stats.,MATCH (:AS {asn:109})-[{reference_name:'nro.delegated_stats'}]-(cc:Country) RETURN cc,"MATCH (:AS {asn: 109})-[:COUNTRY {reference_name: 'nro.delegated_stats'}]-(c:Country)
RETURN c",True,True,True,False,semantic_equivalent_answer,1.0,1.0,1.0,1.0,1.0,0.6154,1,1,2,0,0,"Same answer values: {'US', 'United States of America'}"
51.2,Easy general prompt,Find the country of AS109 using the NRO's delegated stats,MATCH (:AS {asn:109})-[{reference_name:'nro.delegated_stats'}]-(cc:Country) RETURN cc,MATCH (:AS {asn: 109})-[:COUNTRY {reference_org:'NRO'}]->(c:Country) RETURN c,True,True,True,False,semantic_equivalent_answer,1.0,1.0,1.0,1.0,1.0,0.375,1,1,2,0,0,"Same answer values: {'US', 'United States of America'}"
52.1,Easy technical prompt,Find the IXP's name and its Country's country_code for IXPs of which the AS with asn 109 is ember of.,"MATCH (:AS {asn:109})-[:MEMBER_OF]-(ix:IXP)--(cc:Country) RETURN ix.name, cc.country_code","MATCH (:AS {asn: 109})-[:MEMBER_OF]->(ixp:IXP)-[:COUNTRY]-(country:Country) RETURN DISTINCT ixp.name, country.country_code",True,True,True,False,semantic_equivalent,1.0,1.0,1.0,1.0,1.0,0.4211,36,10,10,0,0,TP:10 FP:0 FN:0
52.2,Easy general prompt,Get the country codes and names of IXPs where AS109 is present.,"MATCH (:AS {asn:109})-[:MEMBER_OF]-(ix:IXP)--(cc:Country) RETURN ix.name, cc.country_code","MATCH (:AS {asn: 109})-[:MEMBER_OF]->(ixp:IXP)-[:COUNTRY]->(country:Country) RETURN DISTINCT country.country_code, country.name, ixp.name",True,True,True,False,semantic_equivalent_node_property,1.0,1.0,1.0,1.0,1.0,0.381,36,10,17,0,0,Generated returns full nodes (17 values)
53.1,Medium technical prompt,Select the HostName nodes in top 50k rankings that resolves to an IP node which is part of a prefix originated by AS with asn 109.,MATCH (:Ranking)-[r:RANK]-(dn:HostName)--(ip:IP)-[:PART_OF]-(pfx:Prefix)-[:ORIGINATE]-(cisco:AS {asn:109}) WHERE r.rank <= 50000 RETURN dn,"MATCH (:Ranking)-[r:RANK]-(h:HostName)-[:RESOLVES_TO]->(:IP)-[:PART_OF]->(:Prefix)<-[:ORIGINATE]-(:AS {asn: 109})
WHERE r.rank < 50000
RETURN DISTINCT h",True,True,True,False,semantic_equivalent_projection,1.0,1.0,1.0,1.0,1.0,0.5333,38,7,7,0,0,Generated extracts DISTINCT name
53.2,Medium general prompt,Get host names in the top 50k hosted by AS109.,MATCH (:Ranking)-[r:RANK]-(dn:HostName)--(ip:IP)-[:PART_OF]-(pfx:Prefix)-[:ORIGINATE]-(cisco:AS {asn:109}) WHERE r.rank <= 50000 RETURN dn,MATCH (n:AS {asn:109})-[:ORIGINATE]-(p:Prefix)--(i:IP)--(h:HostName)-[r:RANK]-(:Ranking) WHERE r.rank < 50000 RETURN DISTINCT h.name,True,True,True,False,semantic_equivalent,1.0,1.0,1.0,1.0,1.0,0.5172,38,7,7,0,0,TP:7 FP:0 FN:0
54.1,Medium technical prompt,"From the top 10k HostName nodes select HostName nodes that end with '.us' and return the HostName's name, the corresponding IP, prefix, and the AS' asn.","MATCH (:Ranking)-[r:RANK]-(dn:HostName)--(ip:IP)--(pfx:Prefix)-[:ORIGINATE]-(net:AS) WHERE dn.name ENDS WITH '.us' AND r.rank <= 10000 RETURN dn.name, ip.ip, pfx.prefix, net.asn","MATCH (:Ranking)-[r:RANK]-(dn:HostName)-[:RESOLVES_TO]->(ip:IP)-[:PART_OF]->(pfx:Prefix)<-[:ORIGINATE]-(net:AS) WHERE dn.name ENDS WITH '.us' AND r.rank < 10000 RETURN dn.name AS HostName, ip.ip AS IP, pfx.prefix AS Prefix, net.asn AS ASN",True,True,True,False,semantic_equivalent_node_property,1.0,1.0,1.0,1.0,1.0,0.6341,108868,84660,2640,0,0,Generated returns properties (2640 values)
54.2,Medium general prompt,"Get US host names ranked in the top 10k together with their IP, prefix, and ASN.","MATCH (:Ranking)-[r:RANK]-(dn:HostName)--(ip:IP)--(pfx:Prefix)-[:ORIGINATE]-(net:AS) WHERE dn.name ENDS WITH '.us' AND r.rank <= 10000 RETURN dn.name, ip.ip, pfx.prefix, net.asn","MATCH (:Ranking)-[r:RANK]-(dn:HostName), (dn)-[:RESOLVES_TO]->(ip:IP)-[:PART_OF]->(pfx:Prefix)<-[:ORIGINATE]-(net:AS)-[:COUNTRY]->(:Country {country_code: 'US'}) WHERE r.rank < 10000 RETURN dn.name AS HostName, ip.ip AS IP, pfx.prefix AS Prefix, net.asn AS ASN
LIMIT 100",True,True,False,False,no_overlap,0.0,0.0,0.0,0.0,0.0,0.4286,108868,100,0,38,12087,TP:0 FP:38 FN:12087 | No common results
55.1,Medium technical prompt,Select the top 20 AS nodes from Ranking with name 'IHR country ranking: Total AS (RU)' that are in a peer-to-peer relationship and return their asn.,"MATCH (a:AS)-[ra:RANK]->(:Ranking {name: 'IHR country ranking: Total AS (RU)'})<-[rb:RANK]-(b:AS)-[p:PEERS_WITH]-(a) WHERE ra.rank <= 20 AND rb.rank <= 20 AND p.rel = 0 RETURN a.asn, b.asn","MATCH (a:AS)-[r1:RANK]->(ranking:Ranking {name: 'IHR country ranking: Total AS (RU)'})
WHERE r1.rank <= 20
MATCH (b:AS)-[r2:RANK]->(ranking)
WHERE r2.rank <= 20 AND id(a) < id(b)
MATCH (a)-[:PEERS_WITH]-(b)
RETURN a.asn, b.asn",True,True,True,False,semantic_equivalent,1.0,1.0,1.0,1.0,1.0,0.4894,762,633,119,0,0,TP:119 FP:0 FN:0
55.2,Medium general prompt,Return ASN pairs for ASes that are in a peer-to-peer relationship and in the top 20 of IHRâ€™s country ranking for Russia.,"MATCH (a:AS)-[ra:RANK]->(:Ranking {name: 'IHR country ranking: Total AS (RU)'})<-[rb:RANK]-(b:AS)-[p:PEERS_WITH]-(a) WHERE ra.rank <= 20 AND rb.rank <= 20 AND p.rel = 0 RETURN a.asn, b.asn","MATCH (as1:AS)-[r1:RANK]->(rk:Ranking)-[:COUNTRY]->(c:Country)
WHERE toLower(c.name) CONTAINS 'russia' AND rk.name CONTAINS 'IHR country ranking' AND r1.rank <= 20
MATCH (as2:AS)-[r2:RANK]->(rk)-[:COUNTRY]->(c)
WHERE r2.rank <= 20 AND id(as1) < id(as2)
MATCH (as1)-[:PEERS_WITH]-(as2)
RETURN as1.asn AS asn1, as2.asn AS asn2",True,True,True,False,semantic_equivalent_node_property,1.0,1.0,1.0,1.0,1.0,0.2394,762,1084,20,0,0,Generated returns full nodes (20 values)
56.1,Hard technical prompt,Select the  AS nodes for AS node with asn 109 and find the shortest PEERS_WITH relationship to these AS nodes.,"MATCH (a:AS {asn:109})-[h:DEPENDS_ON {af:4}]->(d:AS) WITH a, COLLECT(DISTINCT d) AS dependencies UNWIND dependencies as d MATCH p = allShortestPaths((a)-[:PEERS_WITH*]-(d)) WHERE a.asn <> d.asn AND all(r IN relationships(p) WHERE r.af = 4) AND all(n IN nodes(p) WHERE n IN dependencies) RETURN p","MATCH p=shortestPath((a:AS {asn: 109})-[r:PEERS_WITH*]-(b:AS))
WHERE a <> b
RETURN p
LIMIT 10",True,True,False,False,no_overlap,0.0,0.0,0.0,0.0,0.0,0.2459,1005,10,0,10,117,Path TP:0 FP:10 FN:117 | P:0.000 R:0.000 F1:0.000
56.2,Hard general prompt,Retrieve the topology for AS109's dependencies.,"MATCH (a:AS {asn:109})-[h:DEPENDS_ON {af:4}]->(d:AS) WITH a, COLLECT(DISTINCT d) AS dependencies UNWIND dependencies as d MATCH p = allShortestPaths((a)-[:PEERS_WITH*]-(d)) WHERE a.asn <> d.asn AND all(r IN relationships(p) WHERE r.af = 4) AND all(n IN nodes(p) WHERE n IN dependencies) RETURN p","MATCH (a:AS)-[:DEPENDS_ON]->(as109:AS {asn: 109}), (b:AS)-[:DEPENDS_ON]->(as109), (a)-[p:PEERS_WITH]-(b)
WHERE id(a) < id(b)
RETURN a, p, b",True,True,False,False,generated_empty,0.0,0.0,0.0,0.0,0.0,0.2353,1005,0,0,0,1005,Generated returned no results
57.1,Easy technical prompt,Find the Country nodes of IXP nodes of which the AS node with asn 109 is member of. Return both the Country and IXP nodes.,"MATCH (cisco:AS {asn:109})-[:MEMBER_OF]-(ix:IXP)--(cc:Country) RETURN ix, cc","MATCH (:AS {asn: 109})-[:MEMBER_OF]->(ixp:IXP)-[:COUNTRY]->(country:Country)
RETURN country, ixp",True,True,True,False,semantic_equivalent,1.0,1.0,1.0,1.0,1.0,0.4,36,36,10,0,0,TP:10 FP:0 FN:0
57.2,Easy general prompt,Find the geographical footprint of IXPs of which AS109 is a member of.,"MATCH (cisco:AS {asn:109})-[:MEMBER_OF]-(ix:IXP)--(cc:Country) RETURN ix, cc","MATCH (:AS {asn: 109})-[:MEMBER_OF]->(ixp:IXP)-[:COUNTRY]->(country:Country)
RETURN DISTINCT country",True,True,True,False,semantic_equivalent_projection,1.0,0.0,0.0,0.0,0.0,0.4,36,7,0,7,10,Generated extracts DISTINCT name
58.1,Easy technical prompt,Find the Country nodes of the Facility nodes of the AS node with asn 109. Return both the Country and Facility nodes.,"MATCH (cisco:AS {asn:109})--(ix:Facility)--(cc:Country) RETURN ix, cc","MATCH (:AS {asn: 109})-[:LOCATED_IN]->(f:Facility)-[:COUNTRY]->(c:Country) RETURN f, c",True,True,True,False,semantic_equivalent,1.0,1.0,1.0,1.0,1.0,0.35,18,18,18,0,0,TP:18 FP:0 FN:0
58.2,Easy general prompt,Get the geographical footprint of facilities at which AS109 is located.,"MATCH (cisco:AS {asn:109})--(ix:Facility)--(cc:Country) RETURN ix, cc","MATCH (a:AS {asn: 109})-[:LOCATED_IN]->(f:Facility)-[:COUNTRY]->(c:Country)
RETURN DISTINCT c",True,True,True,False,semantic_equivalent_projection,1.0,0.0,0.0,0.0,0.0,0.3333,18,8,0,8,18,Generated extracts DISTINCT name
59.1,Easy technical prompt,Find the Country nodes from the Prefix nodes that originate from AS node with asn 109. Return the Country and Prefix nodes.,"MATCH (cisco:AS {asn:109})-[:ORIGINATE]-(pfx:Prefix)--(cc:Country) RETURN pfx, cc","MATCH (:AS {asn: 109})-[:ORIGINATE]-(p:Prefix)-[:COUNTRY]-(c:Country)
RETURN c, p",True,True,True,False,semantic_equivalent,1.0,1.0,1.0,1.0,1.0,0.4444,260,260,130,0,0,TP:130 FP:0 FN:0
59.2,Easy general prompt,Get the countries of prefixes announced by AS109 and return the country and prefix nodes.,"MATCH (cisco:AS {asn:109})-[:ORIGINATE]-(pfx:Prefix)--(cc:Country) RETURN pfx, cc","MATCH (:AS {asn: 109})-[:ORIGINATE]-(p:Prefix)-[:COUNTRY]-(c:Country) RETURN c, p",True,True,True,False,semantic_equivalent,1.0,1.0,1.0,1.0,1.0,0.4444,260,260,130,0,0,TP:130 FP:0 FN:0
60.1,Medium technical prompt,"Find the Country nodes from the Prefix nodes that originate from the AS nodes depending on the AS node with asn 109. Return the AS node of the depending AS, the Prefix nodes, and the Country nodes.","MATCH (cisco:AS {asn:109})<-[:DEPENDS_ON]-(customer:AS)-[:ORIGINATE]-(pfx:Prefix)--(cc:Country) RETURN customer, pfx, cc","MATCH (:AS {asn: 109})<-[:DEPENDS_ON]-(customer:AS)-[:ORIGINATE]->(p:Prefix)-[:COUNTRY]->(c:Country) RETURN customer, p, c",True,True,True,False,semantic_equivalent,1.0,1.0,1.0,1.0,1.0,0.52,520,520,130,0,0,TP:130 FP:0 FN:0
60.2,Medium general prompt,"Get the geolocation of prefixes announced by ASes depending on AS109. Return the nodes of the depending ASes, prefixes, and countries.","MATCH (cisco:AS {asn:109})<-[:DEPENDS_ON]-(customer:AS)-[:ORIGINATE]-(pfx:Prefix)--(cc:Country) RETURN customer, pfx, cc","MATCH (:AS {asn: 109})<-[:DEPENDS_ON]-(customer:AS)-[:ORIGINATE]->(pfx:Prefix)-[:COUNTRY]->(cc:Country) RETURN customer, pfx, cc",True,True,True,True,exact_match,1.0,1.0,1.0,1.0,1.0,0.8095,520,520,130,0,0,TP:130 FP:0 FN:0
61.1,Medium technical prompt,Find the ASes that depend on the AS with the asn 109 and the countries in which these ASes originate prefixes. Count the number of distinct depending ASes per country and return the Country's country_code and the count in descending oder.,"MATCH (cisco:AS {asn:109})<-[dep:DEPENDS_ON]-(customer:AS)-[:ORIGINATE]-(pfx:Prefix)--(cc:Country) RETURN cc.country_code, count(DISTINCT customer) AS nb_dep ORDER BY nb_dep DESC","MATCH (:AS {asn: 109})<-[:DEPENDS_ON]-(customer:AS)-[:ORIGINATE]->(:Prefix)-[:COUNTRY]-(pfx_country:Country)
RETURN pfx_country.country_code, count(DISTINCT customer) AS nb_customer
ORDER BY nb_customer DESC",True,True,True,False,semantic_equivalent,1.0,1.0,1.0,1.0,1.0,0.5938,9,9,9,0,0,TP:9 FP:0 FN:0
61.2,Medium general prompt,Find in which countries ASes depending on AS109 originate prefixes and count the number of ASes per country. Return the results in descending order.,"MATCH (cisco:AS {asn:109})<-[dep:DEPENDS_ON]-(customer:AS)-[:ORIGINATE]-(pfx:Prefix)--(cc:Country) RETURN cc.country_code, count(DISTINCT customer) AS nb_dep ORDER BY nb_dep DESC","MATCH (:AS {asn: 109})<-[:DEPENDS_ON]-(customer:AS)-[:ORIGINATE]->(pfx:Prefix)-[:COUNTRY]->(pfx_country:Country)
WITH pfx_country, count(DISTINCT customer) as nb_as
RETURN pfx_country.country_code, nb_as
ORDER BY nb_as DESC",True,True,True,False,semantic_equivalent,1.0,1.0,1.0,1.0,1.0,0.5556,9,9,9,0,0,TP:9 FP:0 FN:0
62.1,Medium technical prompt,"Find the DomainName nodes that are ranked in the top 10k and have Prefix nodes originating from the AS node with asn 109. Along with the DomainName nodes, also return the Prefix nodes and the IP nodes.","MATCH (n:AS {asn:109})-[:ORIGINATE]-(p:Prefix)--(i:IP)-[:RESOLVES_TO]-(:HostName)--(d:DomainName)-[r:RANK]-(:Ranking) WHERE r.rank <= 10000 RETURN p,i,d","MATCH (n:AS {asn:109})-[:ORIGINATE]-(p:Prefix)--(i:IP)--(:HostName)--(d:DomainName)-[r:RANK]-(:Ranking) WHERE r.rank<10000 RETURN d,p,i",True,True,True,True,exact_match,1.0,1.0,1.0,1.0,1.0,0.8846,2736,2736,90,0,0,TP:90 FP:0 FN:0
62.2,Medium general prompt,Get domain names in the top 10k hosted by AS109.,MATCH (n:AS {asn:109})-[:ORIGINATE]-(p:Prefix)--(i:IP)-[:RESOLVES_TO]-(:HostName)--(d:DomainName)-[r:RANK]-(:Ranking) WHERE r.rank <= 10000 RETURN DISTINCT d.name,MATCH (n:AS {asn:109})-[:ORIGINATE]-(p:Prefix)--(i:IP)--(:HostName)--(d:DomainName)-[r:RANK]-(:Ranking) WHERE r.rank < 10000 RETURN DISTINCT d.name,True,True,True,True,exact_match,1.0,1.0,1.0,1.0,1.0,0.88,2,2,2,0,0,TP:2 FP:0 FN:0
63.1,Medium technical prompt,"Find the DomainName nodes that are ranked in the top 10k and have Prefix nodes originating from or depending on the AS node with asn 109. Along with the DomainName nodes, also return the Prefix nodes and the IP nodes.","MATCH (n:AS {asn:109})--(p:Prefix)--(i:IP)--(:HostName)--(d:DomainName)-[r:RANK]-(:Ranking) WHERE r.rank <= 10000 RETURN p,i,d","MATCH (p:Prefix)-[rel]-(a:AS {asn: 109})
WHERE (type(rel) = 'ORIGINATE' AND startNode(rel) = a) OR (type(rel) = 'DEPENDS_ON' AND endNode(rel) = a)
WITH p
MATCH (p)<-[:PART_OF]-(i:IP)<-[:RESOLVES_TO]-(:HostName)-[:PART_OF]->(d:DomainName)-[r:RANK]-(:Ranking)
WHERE r.rank < 10000
RETURN d, p, i",True,True,True,False,semantic_equivalent_node_property,1.0,1.0,1.0,1.0,1.0,0.375,4940,2256,152,0,0,Generated returns properties (152 values)
63.2,Medium general prompt,"Get domain names in the top 10k that are related to AS109, including domains that map to prefixes originated by AS109 and prefixes that depend on AS109.","MATCH (n:AS {asn:109})--(p:Prefix)--(i:IP)--(:HostName)--(d:DomainName)-[r:RANK]-(:Ranking) WHERE r.rank <= 10000 RETURN p,i,d","MATCH (n:AS {asn:109})-[:ORIGINATE]-(p:Prefix)--(i:IP)--(:HostName)--(d:DomainName)-[r:RANK]-(:Ranking) 
WHERE r.rank < 10000 
RETURN d.name AS domain_name
UNION
MATCH (n:AS {asn:109})<-[:DEPENDS_ON]-(p:Prefix)--(i:IP)--(:HostName)--(d:DomainName)-[r:RANK]-(:Ranking) 
WHERE r.rank < 10000 
RETURN d.name AS domain_name",True,True,True,False,semantic_equivalent_node_property,1.0,1.0,1.0,1.0,1.0,0.4314,4940,2,2,0,0,Generated returns properties (2 values)
64.1,Hard technical prompt,"Find the AS nodes that are providers of customers of the AS node with asn 8075. Along with these AS nodes, return the corresponding Name nodes, if possible, as specified by the reference_org RIPE NCC and the number of distinct customers. Return the results by descending number of customers.","MATCH (comp:AS)-[:PEERS_WITH {rel:1}]->(customer:AS)<-[:PEERS_WITH {rel:1}]-(microsoft:AS {asn:8075}) WITH comp, customer OPTIONAL MATCH (comp)-[:NAME {reference_org:'RIPE NCC'}]-(comp_name:Name) RETURN comp, comp_name, count(DISTINCT customer) AS nb_customer ORDER BY nb_customer DESC","MATCH (p:AS)-[:PEERS_WITH {rel: 1}]->(c:AS)-[:PEERS_WITH {rel: 1}]->(a:AS {asn: 8075})
WHERE p <> a
OPTIONAL MATCH (p)-[:NAME {reference_org: 'RIPE NCC'}]-(n:Name)
WITH p, n, count(DISTINCT c) AS nb_customers
RETURN p.asn AS asn, n.name AS name, nb_customers
ORDER BY nb_customers DESC",True,True,False,False,low_overlap,0.0,0.038834951456310676,0.022727272727272728,0.13333333333333333,0.019801980198019802,0.4355,15,88,2,86,13,TP:2 FP:86 FN:13 | P:0.023 R:0.133 F1:0.039
64.2,Hard general prompt,Get the main competitors of AS8075.,"MATCH (comp:AS)-[:PEERS_WITH {rel:1}]->(customer:AS)<-[:PEERS_WITH {rel:1}]-(microsoft:AS {asn:8075}) WITH comp, customer OPTIONAL MATCH (comp)-[:NAME {reference_org:'RIPE NCC'}]-(comp_name:Name) RETURN comp, comp_name, count(DISTINCT customer) AS nb_customer ORDER BY nb_customer DESC","MATCH (:AS {asn: 8075})-[:PEERS_WITH {rel: 0}]-(a:AS)
RETURN a",True,True,False,False,no_overlap,0.0,0.0,0.0,0.0,0.0,0.186,15,1226,0,440,15,TP:0 FP:440 FN:15 | No common results
66.1,Hard technical prompt,"Find DomainName nodes ranked in the top 100k and with name ending with '.us' together with their corresponding AS. If possible, find the names of ASes specified by reference_org RIPE NCC. Return the AS' asn, name and the number of distinct domain names. Order the results by descending number of domains.","MATCH (:Ranking)-[r:RANK]-(dn:DomainName)--(:HostName)--(ip:IP)--(pfx:Prefix)-[:ORIGINATE]-(net:AS) WHERE dn.name ENDS WITH '.us' AND r.rank <= 100000 WITH net, dn OPTIONAL MATCH (net:AS)-[:NAME {reference_org:'RIPE NCC'}]-(net_name:Name) RETURN net.asn, net_name.name, count(DISTINCT dn) AS nb_domain_name ORDER BY nb_domain_name DESC","MATCH (dn:DomainName)-[r:RANK]-(:Ranking)
WHERE dn.name ENDS WITH '.us' AND r.rank < 100000
MATCH (dn)<-[:PART_OF]-(:HostName)-[:RESOLVES_TO]-(:IP)-[:PART_OF]->(:Prefix)<-[:ORIGINATE]-(net:AS)
OPTIONAL MATCH (net)-[:NAME {reference_org:'RIPE NCC'}]-(asname:Name)
RETURN net.asn AS asn, asname.name AS name, count(DISTINCT dn) AS count_domains
ORDER BY count_domains DESC
LIMIT 100",True,True,True,False,semantic_equivalent_limit,1.0,1.0,1.0,1.0,1.0,0.5938,328,100,199,0,0,LIMIT subset with matching identifiers (199/650 ids)
66.2,Hard general prompt,"Count the number of United States domains ranked in the top 100k by AS and, if possible, give the AS name specified by RIPE NCC. Return the ASN, AS name and count of domain names in descending order.","MATCH (:Ranking)-[r:RANK]-(dn:DomainName)--(:HostName)--(ip:IP)--(pfx:Prefix)-[:ORIGINATE]-(net:AS) WHERE dn.name ENDS WITH '.us' AND r.rank <= 100000 WITH net, dn OPTIONAL MATCH (net:AS)-[:NAME {reference_org:'RIPE NCC'}]-(net_name:Name) RETURN net.asn, net_name.name, count(DISTINCT dn) AS nb_domain_name ORDER BY nb_domain_name DESC","MATCH (:Ranking)-[r:RANK]-(d:DomainName)-[:QUERIED_FROM]-(c:Country {country_code: 'US'}) WHERE r.rank < 100000 MATCH (d)--(:HostName)--(:IP)--(:Prefix)-[:ORIGINATE]-(a:AS) OPTIONAL MATCH (a)-[:NAME {reference_org:'RIPE NCC'}]-(n:Name) RETURN a.asn AS asn, n.name AS as_name, count(DISTINCT d) AS domain_count ORDER BY domain_count DESC",True,False,False,False,generated_failed,0.0,0.0,0.0,0.0,0.0,0.403,328,0,0,0,0,Generated failed: Neo4j timeout even with LIMIT | Query similarity: 40.3%
67.1,Easy technical prompt,Find all nodes that are connected to the Name node with a name containing the word 'osaka'.,MATCH (x)--(n:Name) WHERE toLower(n.name) CONTAINS 'osaka' RETURN x,"MATCH (n:Name)--(neighbor)
WHERE toLower(n.name) CONTAINS 'osaka'
RETURN neighbor",True,True,True,False,semantic_equivalent,1.0,1.0,1.0,1.0,1.0,0.6923,52,52,38,0,0,TP:38 FP:0 FN:0
67.2,Easy general prompt,Find all nodes that have the word 'osaka' in their name.,MATCH (x)--(n:Name) WHERE toLower(n.name) CONTAINS 'osaka' RETURN x,MATCH (n) WHERE exists(n.name) AND toLower(n.name) CONTAINS 'osaka' RETURN n,True,False,False,False,generated_failed,0.0,0.0,0.0,0.0,0.0,0.5333,52,0,0,0,0,Generated failed: Cypher syntax error | Query similarity: 53.3%
68.1,Medium technical prompt,"Find the DomainName nodes that are ranked in the top 1k and have Prefix nodes originating from the AS node with asn 109. Along with the DomainName nodes, also return the Prefix nodes and the IP nodes.","MATCH (n:AS {asn:109})-[:ORIGINATE]-(p:Prefix)--(i:IP)--(:HostName)--(d:DomainName)-[r:RANK]-(:Ranking) WHERE r.rank <= 1000 RETURN p,i,d","MATCH (n:AS {asn:109})-[:ORIGINATE]-(p:Prefix)--(i:IP)-[:RESOLVES_TO]-(:HostName)--(d:DomainName)-[r:RANK]-(:Ranking) WHERE r.rank<1000 RETURN d,p,i",True,True,True,True,exact_match,1.0,1.0,1.0,1.0,1.0,0.8846,2384,2384,84,0,0,TP:84 FP:0 FN:0
68.2,Medium general prompt,Get domain names in the top 1k that are hosted by AS109.,"MATCH (n:AS {asn:109})-[:ORIGINATE]-(p:Prefix)--(i:IP)--(:HostName)--(d:DomainName)-[r:RANK]-(:Ranking) WHERE r.rank <= 1000 RETURN p,i,d",MATCH (d:DomainName)-[r:RANK]->(:Ranking) WHERE r.rank < 1000 MATCH (d)--(:HostName)--(:IP)--(:Prefix)<-[:ORIGINATE]-(a:AS {asn: 109}) RETURN d.name,True,True,True,False,semantic_equivalent_node_property,1.0,1.0,1.0,1.0,1.0,0.6,2384,2384,1,0,0,Generated returns properties (1 values)
69.1,Medium technical prompt,"Find the DomainName nodes that are ranked in the top 1k and have Prefix nodes depending on the AS node with asn 109. Along with the DomainName nodes, also return the Prefix nodes and the IP nodes.","MATCH (n:AS {asn:109})-[:DEPENDS_ON]-(p:Prefix)--(i:IP)--(:HostName)--(d:DomainName)-[r:RANK]-(:Ranking) WHERE r.rank <= 1000 RETURN p,i,d","MATCH (d:DomainName)-[r:RANK]-(:Ranking) WHERE r.rank < 1000 MATCH (d)<-[:PART_OF]-(:HostName)-[:RESOLVES_TO]->(i:IP)-[:PART_OF]->(p:Prefix)-[:DEPENDS_ON]->(:AS {asn: 109}) RETURN d, p, i",True,True,True,False,semantic_equivalent,1.0,1.0,1.0,1.0,1.0,0.6471,1192,752,84,0,0,TP:84 FP:0 FN:0
69.2,Medium general prompt,Get domain names in the top 1k that depend on AS109.,"MATCH (n:AS {asn:109})-[:DEPENDS_ON]-(p:Prefix)--(i:IP)--(:HostName)--(d:DomainName)-[r:RANK]-(:Ranking) WHERE r.rank <= 1000 RETURN p,i,d",MATCH (n:AS {asn:109})--(p:Prefix)--(i:IP)--(:HostName)--(d:DomainName)-[r:RANK]-(:Ranking) WHERE r.rank < 1000 RETURN DISTINCT d.name,True,True,True,False,semantic_equivalent_node_property,1.0,1.0,1.0,1.0,1.0,0.7037,1192,1,1,0,0,Generated returns properties (1 values)
71.1,Hard technical prompt,"Find AS nodes that map to the same OpaqueID as the AS node with asn 15735 and get the Prefix nodes originated by these ASes with the Country nodes of the prefixes. If possible, get the Name node for the AS as specified by reference_org RIPE NCC. Return AS, Prefix, Name, Country, and OpaqueID nodes for prefixes not located in the Country with country_code 'MT'.","MATCH (:AS {asn:15735})--(oid:OpaqueID)--(net:AS)--(pfx:Prefix)--(cc:Country) OPTIONAL MATCH (net)-[:NAME {reference_org:'RIPE NCC'}]-(asname:Name) WHERE net.asn<>15735 AND cc.country_code <> 'MT' RETURN net, pfx, asname, cc, oid","MATCH (:AS {asn: 15735})--(o:OpaqueID)--(a:AS) MATCH (a)-[:ORIGINATE]-(p:Prefix) MATCH (p)-[:COUNTRY]-(c:Country) RETURN a.asn, p.prefix, c.country_code",True,True,True,False,semantic_equivalent_node_property,1.0,1.0,1.0,1.0,1.0,0.2174,9,6,6,0,0,Generated returns properties (6 values)
71.2,Hard general prompt,"Find the prefixes that are not located in Malta and are originated by ASes mapping to the same opaque ID as AS15735. If possible, get the AS names as specified by RIPE NCC. Return the AS, prefix, name, conutry, and opaque ID nodes.","MATCH (:AS {asn:15735})--(oid:OpaqueID)--(net:AS)--(pfx:Prefix)--(cc:Country) OPTIONAL MATCH (net)-[:NAME {reference_org:'RIPE NCC'}]-(asname:Name) WHERE net.asn<>15735 AND cc.country_code <> 'MT' RETURN net, pfx, asname, cc, oid","MATCH (net:AS)-[:ORIGINATE]->(pfx:Prefix)-[:COUNTRY]->(pfx_country:Country)
WHERE net.asn IN [29387, 5532, 15735]
RETURN DISTINCT pfx_country.name",True,True,True,False,semantic_equivalent_node_property,1.0,1.0,1.0,1.0,1.0,0.2273,9,1,1,0,0,Generated returns properties (1 values)
72.1,Easy technical prompt,Find all the IXP nodes that are connected with AS nodes that map to the same OpaqueID as the AS nodes with asn 6799. Also return the AS nodes.,"MATCH (:AS {asn: 6799})--(oid:OpaqueID)--(n:AS)--(ix:IXP) RETURN n, ix","MATCH (:AS {asn: 6799})--(oid:OpaqueID)--(as:AS)-[:MEMBER_OF]-(ixp:IXP)
RETURN ixp, as",True,True,True,False,semantic_equivalent,1.0,1.0,1.0,1.0,1.0,0.5,12,12,4,0,0,TP:4 FP:0 FN:0
72.2,Easy general prompt,Find IXP nodes connected to ASes that map to the same opaque ID as AS6799. Return the IXP and AS nodes.,"MATCH (:AS {asn: 6799})--(oid:OpaqueID)--(n:AS)--(ix:IXP) RETURN n, ix","MATCH (:AS {asn: 6799})--(oid:OpaqueID)--(net:AS)-[:MEMBER_OF]-(ix:IXP)
WHERE net.asn <> 6799
RETURN ix, net",True,True,True,False,semantic_equivalent,1.0,1.0,1.0,1.0,1.0,0.55,12,12,4,0,0,TP:4 FP:0 FN:0
73.1,Easy technical prompt,Find all the Country nodes of the IXP nodes that are connected with AS node with asn 6799. Return the IXP and Country nodes.,"MATCH (n:AS {asn:6799})--(ix:IXP)--(cc:Country) RETURN ix,cc","MATCH (iij:AS {asn:6799})-[:MEMBER_OF]-(ix:IXP)--(cc:Country) RETURN ix, cc",True,True,True,True,exact_match,1.0,1.0,1.0,1.0,1.0,0.7857,8,8,2,0,0,TP:2 FP:0 FN:0
73.2,Easy general prompt,Get the countries of IXPs of which AS6799 is a member of. Return the IXP and country nodes.,"MATCH (n:AS {asn:6799})--(ix:IXP)--(cc:Country) RETURN ix,cc","MATCH (a:AS {asn: 6799})-[:MEMBER_OF]->(ix:IXP)-[:COUNTRY]->(c:Country) RETURN ix, c",True,True,True,False,semantic_equivalent,1.0,1.0,1.0,1.0,1.0,0.4737,8,8,2,0,0,TP:2 FP:0 FN:0
74.1,Hard technical prompt,Find DomainName nodes with name ending in '.mt' that are ranked in the top 10k. Find the Country nodes as specified by reference_org NRO of ASes that originate Prefixes that host these DomainNames. Return the number of distinct DomainNames per country in descending order.,"MATCH (:Ranking)-[r:RANK]-(domain:DomainName)--(:HostName)--(:IP)--(:Prefix)-[:ORIGINATE]-(:AS)-[:COUNTRY {reference_org:'NRO'}]-(cc:Country) WHERE r.rank <= 10000 AND domain.name ENDS WITH '.mt' RETURN cc.country_code, count(DISTINCT domain.name) AS dm_count ORDER BY dm_count DESC","MATCH (:Ranking)-[r:RANK]-(dn:DomainName)--(:HostName)--(:IP)--(:Prefix)-[:ORIGINATE]-(net:AS)
WHERE dn.name ENDS WITH '.mt' AND r.rank < 10000
MATCH (net:AS)-[:COUNTRY {reference_org:'NRO'}]-(net_country:Country)
RETURN net_country.name AS country, count(DISTINCT dn) AS number_of_domains
ORDER BY number_of_domains DESC",True,True,True,True,exact_match,1.0,1.0,1.0,1.0,1.0,0.56,1,1,1,0,0,All columns match: dm_count=1
74.2,Hard general prompt,Get the country registration of ASes hosting Maltese domain names in the top 10k. Return the number of domains per country in descending order.,"MATCH (:Ranking)-[r:RANK]-(domain:DomainName)--(:HostName)--(:IP)--(:Prefix)-[:ORIGINATE]-(:AS)-[:COUNTRY {reference_org:'NRO'}]-(cc:Country) WHERE r.rank <= 10000 AND domain.name ENDS WITH '.mt' RETURN cc.country_code, count(DISTINCT domain.name) AS dm_count ORDER BY dm_count DESC","MATCH (:Ranking)-[r:RANK]-(dn:DomainName)
WHERE dn.name ENDS WITH '.mt' AND r.rank < 10000
MATCH (dn)--(:HostName)--(:IP)--(:Prefix)-[:ORIGINATE]-(as:AS)-[:COUNTRY]-(c:Country)
RETURN c.name AS country_name, c.country_code AS country_code, count(DISTINCT dn) AS domain_count
ORDER BY domain_count DESC",True,True,True,False,semantic_equivalent_node_property,1.0,1.0,1.0,1.0,1.0,0.5,1,3,2,0,0,Generated returns full nodes (2 values)
75.1,Easy technical prompt,Find the total number of distinct AS in the Country with country_code 'US' as specified by the reference_org NRO.,MATCH (a:AS)-[:COUNTRY {reference_org:'NRO'}]-(:Country {country_code:'US'}) RETURN COUNT(DISTINCT a),MATCH (a:AS)-[:COUNTRY {reference_org: 'NRO'}]-(:Country {country_code: 'US'}) RETURN count(DISTINCT a),True,True,True,True,numeric_exact_match,1.0,1.0,1.0,1.0,1.0,1.0,1,1,1,0,0,Exact match: 31630.0
75.2,Easy general prompt,Get the number of ASes registered in the United States.,MATCH (a:AS)-[:COUNTRY {reference_org:'NRO'}]-(:Country {country_code:'US'}) RETURN COUNT(DISTINCT a),MATCH (a:AS)-[:COUNTRY]-(c:Country {country_code: 'US'}) RETURN count(DISTINCT a),True,True,True,False,numeric_near_match,1.0,1.0,1.0,1.0,1.0,0.7857,1,1,1,0,0,Values close: 31630.0 vs 32153.0 (1.63%)
76.1,Hard technical prompt,"Find the AS nodes associated with the country code 'US' through the COUNTRY relationship using the reference organization 'RIPE NCC'. Match these AS nodes to Ranking nodes with a rank below 10 according to the 'ihr.country_dependency' reference. Optionally, match the AS nodes with their corresponding Name nodes using the 'BGP.Tools' reference. Return the ASNs, their corresponding AS names, and a collection of the ranking names, ordered by ASN.","MATCH (a:AS)-[:COUNTRY {reference_org:'RIPE NCC'}]-(:Country {country_code:'US'}) MATCH (a)-[ra:RANK {reference_name:'ihr.country_dependency'}]->(r:Ranking)--(:Country {country_code:'US'}) WHERE ra.rank < 10 OPTIONAL MATCH (a)-[:NAME {reference_org:""BGP.Tools""}]-(n:Name) RETURN DISTINCT a.asn as ASN, n.name AS AS_Name, COLLECT(r.name) as Rankings ORDER BY a.asn","MATCH (a:AS)-[:COUNTRY {reference_org:'RIPE NCC'}]->(:Country {country_code:'US'}) MATCH (a)-[ra:RANK {reference_name:""ihr.country_dependency""}]->(r:Ranking) WHERE ra.rank < 10 OPTIONAL MATCH (a)-[:NAME {reference_org:'RIPE NCC'}]->(n:Name) RETURN a.asn AS asn, n.name AS as_name, COLLECT(r.name) AS ranking_names ORDER BY asn",True,True,True,False,semantic_equivalent_node_property,1.0,1.0,1.0,1.0,1.0,0.7407,10,43,12,0,0,Generated returns full nodes (12 values)
76.2,Hard general prompt,"Find ASes located in the United States as specified by RIPE NCC that are in the top 9 of the US country dependency ranking. If possible find the AS names specified by BGP.Tools and return the ASN, AS name and ranking names ordered by ASN.","MATCH (a:AS)-[:COUNTRY {reference_org:'RIPE NCC'}]-(:Country {country_code:'US'}) MATCH (a)-[ra:RANK {reference_name:'ihr.country_dependency'}]->(r:Ranking)--(:Country {country_code:'US'}) WHERE ra.rank < 10 OPTIONAL MATCH (a)-[:NAME {reference_org:""BGP.Tools""}]-(n:Name) RETURN DISTINCT a.asn as ASN, n.name AS AS_Name, COLLECT(r.name) as Rankings ORDER BY a.asn","MATCH (a:AS)-[:COUNTRY {reference_org:'RIPE NCC'}]->(:Country {country_code:'US'})
MATCH (a)-[ra:RANK]->(r:Ranking {name: 'IHR country ranking: Total AS (US)'})
WHERE ra.rank <= 9
OPTIONAL MATCH (a)-[:NAME {reference_name:'bgptools.as_names'}]-(n:Name)
RETURN a.asn AS asn, n.name AS as_name, r.name AS ranking_name
ORDER BY a.asn",True,True,False,False,no_overlap,0.0,0.0,0.0,0.0,0.0,0.6727,10,8,0,8,10,TP:0 FP:8 FN:10 | No common results
77.1,Hard technical prompt,"Find the AS nodes associated with the country code 'US' through the COUNTRY relationship using the reference organization 'RIPE NCC'. Match these AS nodes to Ranking relationships with a rank below 10 according to the 'ihr.country_dependency' reference. Optionally, match the AS nodes to other AS nodes with which they have a PEERS_WITH relationship (with 'rel' equal to 1) and a DEPENDS_ON relationship (with 'hege' greater than 0.03). Ensure the AS nodes are different from each other. Return the AS nodes, the DEPENDS_ON relationships, and the peer AS nodes.","MATCH (a:AS)-[:COUNTRY {reference_org:'RIPE NCC'}]-(:Country {country_code:'US'}) MATCH (a)-[ra:RANK {reference_name:'ihr.country_dependency'}]->(:Ranking) WHERE ra.rank < 10 OPTIONAL MATCH (a)-[p:PEERS_WITH]-(b), (a)-[d:DEPENDS_ON]->(b) WHERE p.rel = 1 AND d.hege > 0.03 AND a<>b RETURN a, d, b","MATCH (a:AS)-[:COUNTRY {reference_org:'RIPE NCC'}]->(:Country {country_code:'US'}) MATCH (a)-[ra:RANK {reference_name:""ihr.country_dependency""}]->(:Ranking) WHERE ra.rank < 10 OPTIONAL MATCH (a)-[d:DEPENDS_ON]-(b:AS), (a)-[:PEERS_WITH {rel:1}]-(b) WHERE d.hege > 0.03 AND a <> b RETURN a, d, b LIMIT 100",True,True,False,False,no_overlap,0.0,0.0,0.0,0.0,0.0,0.8113,3118,100,0,50,188,TP:0 FP:50 FN:188 | No common results
77.2,Hard general prompt,Find ASes located in the United States as specified by RIPE NCC that are in the top 9 of the US country dependency ranking. If possible find customer ASes that have a dependency of more than 0.03 and return the AS and dependency relationship nodes.,"MATCH (a:AS)-[:COUNTRY {reference_org:'RIPE NCC'}]-(:Country {country_code:'US'}) MATCH (a)-[ra:RANK {reference_name:'ihr.country_dependency'}]->(:Ranking) WHERE ra.rank < 10 OPTIONAL MATCH (a)-[p:PEERS_WITH]-(b), (a)-[d:DEPENDS_ON]->(b) WHERE p.rel = 1 AND d.hege > 0.03 AND a<>b RETURN a, d, b","
MATCH (a:AS)-[:COUNTRY {reference_org:'RIPE NCC'}]->(:Country {country_code:'US'})
MATCH (a)-[ra:RANK]->(r:Ranking {name: 'IHR country ranking: Total AS (US)'})
WHERE ra.rank <= 9
WITH a
MATCH (customer:AS)-[d:DEPENDS_ON]->(a)
WHERE d.hege > 0.03
RETURN a, d, customer
",True,True,False,False,no_overlap,0.0,0.0,0.0,0.0,0.0,0.5172,3118,143381,0,124511,188,TP:0 FP:124511 FN:188 | No common results
78.1,Hard technical prompt,"Find the AS nodes associated with the country code 'US' through the COUNTRY relationship using the reference organization 'RIPE NCC'. Match these AS nodes to Ranking relationships with a rank of 10 or below according to the 'ihr.country_dependency' reference. Optionally, match the AS nodes to IXP nodes through the MEMBER_OF relationship, ensuring these IXP nodes are also associated with the country code 'US'. Return the AS nodes, the MEMBER_OF relationships, and the IXP nodes.","MATCH (a)-[:COUNTRY {reference_org:'RIPE NCC'}]-(:Country {country_code:'US'}) MATCH (a:AS)-[ra:RANK {reference_name:'ihr.country_dependency'}]->(:Ranking) WHERE ra.rank <= 10 OPTIONAL MATCH (a)-[m:MEMBER_OF]-(ix:IXP)-[:COUNTRY]-(:Country {country_code:'US'}) RETURN a, m, ix","MATCH (a:AS)-[:COUNTRY {reference_org:'RIPE NCC'}]->(:Country {country_code:'US'})
MATCH (a)-[ra:RANK {reference_name:""ihr.country_dependency""}]->(:Ranking)
WHERE ra.rank <= 10
OPTIONAL MATCH (a)-[m:MEMBER_OF]->(i:IXP)-[:COUNTRY]->(:Country {country_code:'US'})
RETURN a, m, i
LIMIT 100",True,True,True,False,semantic_equivalent_limit,1.0,1.0,1.0,1.0,1.0,0.75,146004,100,20,0,0,LIMIT subset with matching identifiers (20/338 ids)
78.2,Hard general prompt,Find ASes located in the United States as specified by RIPE NCC that are in the top 10 of the US country dependency ranking. If possible find IXPs in the US where these ASes are members. Return the AS and IXP nodes and the member relationship.,"MATCH (a)-[:COUNTRY {reference_org:'RIPE NCC'}]-(:Country {country_code:'US'}) MATCH (a:AS)-[ra:RANK {reference_name:'ihr.country_dependency'}]->(:Ranking) WHERE ra.rank <= 10 OPTIONAL MATCH (a)-[m:MEMBER_OF]-(ix:IXP)-[:COUNTRY]-(:Country {country_code:'US'}) RETURN a, m, ix","MATCH (c:Country {country_code: 'US'})
MATCH (a:AS)-[:COUNTRY {reference_org: 'RIPE NCC'}]->(c)
MATCH (a)-[ra:RANK {reference_name:""ihr.country_dependency""}]->(r:Ranking)-[:COUNTRY]->(c)
WHERE ra.rank < 11
MATCH (a)-[m:MEMBER_OF]->(ix:IXP)-[:COUNTRY]->(c)
RETURN a, m, ix",True,True,False,False,no_overlap,0.0,0.0,0.0,0.0,0.0,0.6122,146004,1426,0,168,1177,TP:0 FP:168 FN:1177 | No common results
79.1,Medium technical prompt,"Find the DomainName nodes that are ranked in the 'Tranco top 1M' ranking. These DomainName nodes should have been queried more than 30 times from the country with the country code 'US'. Return the domain names, their ranks, and the number of queries from the US, ordered by rank.","MATCH (:Ranking {name: 'Tranco top 1M'})-[ra:RANK]-(dn:DomainName)-[q:QUERIED_FROM]-(c:Country) WHERE q.value > 30 AND c.country_code = 'US' RETURN dn.name as domain_name, ra.rank as rank, q.value as per_query_US ORDER BY rank","MATCH (:Ranking {name: 'Tranco top 1M'})-[ra:RANK]-(dn:DomainName)-[q:QUERIED_FROM]-(c:Country {country_code: 'US'})
WHERE q.value > 30
RETURN dn.name AS domain_name, ra.rank AS rank, q.value AS queries_from_us
ORDER BY ra.rank",True,True,True,False,semantic_equivalent,1.0,1.0,1.0,1.0,1.0,0.7778,3275,3275,3275,0,0,TP:3275 FP:0 FN:0
79.2,Medium general prompt,"Get domain names in the Tranco top 1M list that where queried more than 30 times from the United States and return their name, rank, and number of queries ordered by rank.","MATCH (:Ranking {name: 'Tranco top 1M'})-[ra:RANK]-(dn:DomainName)-[q:QUERIED_FROM]-(c:Country) WHERE q.value > 30 AND c.country_code = 'US' RETURN dn.name as domain_name, ra.rank as rank, q.value as per_query_US ORDER BY rank","MATCH (c:Country {country_code: 'US'})<-[q:QUERIED_FROM]-(dn:DomainName)-[ra:RANK]->(r:Ranking {name: 'Tranco top 1M'}) WHERE q.value > 30 RETURN dn.name AS name, ra.rank AS rank, q.value AS queries ORDER BY rank",True,True,True,False,semantic_equivalent,1.0,1.0,1.0,1.0,1.0,0.7179,3275,3275,3275,0,0,TP:3275 FP:0 FN:0
80.1,Medium technical prompt,"Find the path for the DomainName node with the name 'yahoo.com'. This path includes connections to HostName, IP, Prefix nodes, and an ORIGINATE relationship (with 'BGPKIT' as the reference organization) to an AS node. Return the entire path.",MATCH p = (dn:DomainName)--(:HostName)--(:IP)-[:PART_OF]-(:Prefix)-[:ORIGINATE {reference_org:'BGPKIT'}]-(a:AS) WHERE dn.name = 'yahoo.com' RETURN p,"MATCH p = (dn:DomainName {name: 'yahoo.com'})--(hn:HostName)--(ip:IP)--(pfx:Prefix)-[o:ORIGINATE {reference_org:'BGPKIT'}]-(net:AS) 
RETURN p",True,True,True,False,semantic_equivalent,1.0,1.0,1.0,1.0,1.0,0.5769,9564,9564,3972,0,0,Path signatures match (3972 unique paths)
80.2,Medium general prompt,"Get a graph of IP addresses, prefixes, and ASNs related to yahoo.com.",MATCH p = (dn:DomainName)--(:HostName)--(:IP)-[:PART_OF]-(:Prefix)-[:ORIGINATE {reference_org:'BGPKIT'}]-(a:AS) WHERE dn.name = 'yahoo.com' RETURN p,"MATCH (d:DomainName {name: 'yahoo.com'})<--(:HostName)-[:RESOLVES_TO]->(ip:IP)-[:PART_OF]->(p:Prefix)<-[:ORIGINATE]-(a:AS) RETURN ip, p, a",True,True,True,False,semantic_equivalent_node_property,1.0,1.0,1.0,1.0,1.0,0.4333,9564,17815,963,0,0,Generated returns properties (963 values)
81.1,Hard technical prompt,"Find the DomainName nodes that are ranked in the 'Tranco top 1M' ranking with a rank below or equal 10,000. These DomainName nodes should have been queried more than 30 times from the country with the country code 'LU'. Match these DomainName nodes to HostName nodes that resolve to IP nodes, which are part of Prefix nodes, originating from AS nodes. Return a path connecting the DomainName,HostName, IP, Prefix, and AS nodes.",MATCH (:Ranking {name: 'Tranco top 1M'})-[ra:RANK]-(dn:DomainName)-[q:QUERIED_FROM]-(c:Country) WHERE q.value > 30 AND c.country_code = 'LU' AND ra.rank <= 10000 MATCH path = (dn)--(:HostName)-[r:RESOLVES_TO]-(ip:IP)-[p:PART_OF]-(pfx:Prefix)-[o:ORIGINATE]-(net:AS) RETURN path,MATCH (r:Ranking {name: 'Tranco top 1M'})-[ra:RANK]-(dn:DomainName)-[q:QUERIED_FROM]-(c:Country {country_code: 'LU'}) WHERE ra.rank <= 10000 AND q.value > 30 MATCH p = (dn)<-[:PART_OF]-(:HostName)-[:RESOLVES_TO]->(:IP)-[:PART_OF]->(:Prefix)<-[:ORIGINATE]-(:AS) RETURN p,True,True,False,False,high_overlap,0.0,0.9024390243902439,1.0,0.8222222222222222,0.8222222222222222,0.68,710,240,37,0,8,Path TP:37 FP:0 FN:8 | P:1.000 R:0.822 F1:0.902
81.2,Hard general prompt,Show a domain-to-AS graph for domains in the top 10k of the Tranco top 1M list that were queried more than 30 times from Luxembourg.,MATCH (:Ranking {name: 'Tranco top 1M'})-[ra:RANK]-(dn:DomainName)-[q:QUERIED_FROM]-(c:Country) WHERE q.value > 30 AND c.country_code = 'LU' AND ra.rank <= 10000 MATCH path = (dn)--(:HostName)-[r:RESOLVES_TO]-(ip:IP)-[p:PART_OF]-(pfx:Prefix)-[o:ORIGINATE]-(net:AS) RETURN path,"MATCH (dn:DomainName)-[ra:RANK]->(r:Ranking {name: 'Tranco top 1M'}), (dn)-[q:QUERIED_FROM]->(c:Country {country_code: 'LU'})
WHERE ra.rank < 10000 AND q.value > 30
MATCH (dn)--(:HostName)--(:IP)--(:Prefix)-[:ORIGINATE]-(a:AS)
RETURN DISTINCT dn, a",True,True,True,False,semantic_equivalent_node_property,1.0,1.0,1.0,1.0,1.0,0.5577,710,5,6,0,0,Generated returns properties (6 values)
82.1,Hard technical prompt,"Find the DomainName nodes that are ranked in the 'Tranco top 1M' ranking with a rank below or equal 10,000. These DomainName nodes should have been queried more than 30 times from the country with the country code 'LU'. Match these DomainName nodes to AuthoritativeNameServer nodes through the MANAGED_BY relationship, which resolve to IP nodes. These IP nodes should be part of Prefix nodes that originate from AS nodes with 'BGPKIT' as the reference organization. Return for each domain name, the number of distinct AS nodes, and a collection of the distinct ASNs, ordered by the number of AS nodes in descending order.","MATCH (:Ranking {name: 'Tranco top 1M'})-[ra:RANK]-(dn:DomainName)-[q:QUERIED_FROM]-(c:Country) WHERE q.value > 30 AND c.country_code = 'LU' AND ra.rank <= 10000 MATCH (dn)-[:MANAGED_BY]-(:AuthoritativeNameServer)-[:RESOLVES_TO]-(:IP)-[:PART_OF]-(:Prefix)-[:ORIGINATE {reference_org:'BGPKIT'}]-(a:AS) RETURN dn.name, count(DISTINCT a) AS nb_asn, COLLECT(distinct a.asn) ORDER BY nb_asn DESC","MATCH (:Ranking {name: 'Tranco top 1M'})-[ra:RANK]-(dn:DomainName)-[q:QUERIED_FROM]-(c:Country {country_code: 'LU'})
WHERE ra.rank <= 10000 AND q.value > 30
MATCH (dn)-[:MANAGED_BY]->(ans:AuthoritativeNameServer)-[:RESOLVES_TO]->(ip:IP)-[:PART_OF]->(pfx:Prefix)<-[o:ORIGINATE]-(net:AS)
WHERE o.reference_org = 'BGPKIT'
RETURN dn.name AS domain_name, count(DISTINCT net) AS nb_as, collect(DISTINCT net.asn) AS asns
ORDER BY nb_as DESC",True,True,True,True,exact_match,1.0,1.0,1.0,1.0,1.0,0.6056,1,1,1,0,0,All columns match: nb_asn=1
82.2,Hard general prompt,"Find domain names in the top 10k of the Tranco top 1M list that were queried more than 30 times from Luxembourg. Then find the ASes that host the name servers which manage these domains. Return for each domain the number of ASes as well as a set of the ASNs, order by descending number of ASes.","MATCH (:Ranking {name: 'Tranco top 1M'})-[ra:RANK]-(dn:DomainName)-[q:QUERIED_FROM]-(c:Country) WHERE q.value > 30 AND c.country_code = 'LU' AND ra.rank <= 10000 MATCH (dn)-[:MANAGED_BY]-(:AuthoritativeNameServer)-[:RESOLVES_TO]-(:IP)-[:PART_OF]-(:Prefix)-[:ORIGINATE {reference_org:'BGPKIT'}]-(a:AS) RETURN dn.name, count(DISTINCT a) AS nb_asn, COLLECT(distinct a.asn) ORDER BY nb_asn DESC","MATCH (:Ranking {name: 'Tranco top 1M'})-[ra:RANK]-(dn:DomainName)-[q:QUERIED_FROM]-(c:Country {country_code: 'LU'})
WHERE ra.rank < 10000 AND q.value > 30
MATCH (dn)-[:MANAGED_BY]->(:AuthoritativeNameServer)-[:RESOLVES_TO]->(:IP)-[:PART_OF]->(:Prefix)-[:ORIGINATE]-(a:AS)
RETURN dn.name AS domain_name, count(DISTINCT a) AS nb_ases, collect(DISTINCT a.asn) AS asns
ORDER BY nb_ases DESC",True,True,True,True,exact_match,1.0,1.0,1.0,1.0,1.0,0.6935,1,1,1,0,0,All columns match: nb_asn=1
83.1,Hard technical prompt,"Find the path for the DomainName node with the name 'google.com'. This path includes connections to AuthoritativeNameServer nodes through the MANAGED_BY relationship, which resolve to IP nodes. These IP nodes are part of Prefix nodes that originate from AS nodes with 'BGPKIT' as the reference organization. Return the entire path.",MATCH p = (dn:DomainName)-[:MANAGED_BY]-(:AuthoritativeNameServer)-[:RESOLVES_TO]-(:IP)-[:PART_OF]-(:Prefix)-[:ORIGINATE {reference_org:'BGPKIT'}]-(a:AS) WHERE dn.name = 'google.com' RETURN p,MATCH p = (:DomainName {name: 'google.com'})-[:MANAGED_BY]->(:AuthoritativeNameServer)-[:RESOLVES_TO]->(:IP)-[:PART_OF]->(:Prefix)<-[:ORIGINATE {reference_org: 'BGPKIT'}]-(:AS) RETURN p,True,True,True,False,semantic_equivalent,1.0,1.0,1.0,1.0,1.0,0.6296,444,444,8,0,0,Path signatures match (8 unique paths)
83.2,Hard general prompt,Get a graph showing the authoritative DNS name servers and their hosting ASes for google.com.,MATCH p = (dn:DomainName)-[:MANAGED_BY]-(:AuthoritativeNameServer)-[:RESOLVES_TO]-(:IP)-[:PART_OF]-(:Prefix)-[:ORIGINATE {reference_org:'BGPKIT'}]-(a:AS) WHERE dn.name = 'google.com' RETURN p,"MATCH (d:DomainName {name: 'google.com'})-[:MANAGED_BY]->(ans:AuthoritativeNameServer)-[:RESOLVES_TO]->(:IP)-[:PART_OF]->()<-[:ORIGINATE]-(a:AS) RETURN DISTINCT ans.name AS AuthoritativeNameServer, a.asn AS HostingASN",True,True,True,False,semantic_equivalent_node_property,1.0,1.0,1.0,1.0,1.0,0.3333,444,4,5,0,0,Generated returns properties (5 values)
